,id,DB,sys_ind,RA,ZA,RB,ZB,charges,dlpno_ccsd_adz,dlpno_ccsd_adz_orca_loosePNO,dlpno_ccsd_adz_orca_normalPNO,dlpno_ccsd_adz_orca_tightPNO,dlpno_ccsd_adz_CP,dlpno_ccsd_adz_orca_loosePNO_CP,dlpno_ccsd_adz_orca_normalPNO_CP,dlpno_ccsd_adz_orca_tightPNO_CP
0,1,s22,1,"[[-2.98334465 -0.08808202  0.        ]
 [-4.0792025   0.25775108 -1.52985613]
 [-4.0792025   0.25775108  1.52985613]
 [-1.60526754  1.24380451  0.        ]]",[7 1 1 1],"[[ 2.98334465  0.08808202  0.        ]
 [ 4.0792025  -0.25775108 -1.52985613]
 [ 1.60526754 -1.24380451  0.        ]
 [ 4.0792025  -0.25775108  1.52985613]]",[7 1 1 1],"[[0 1]
 [0 1]
 [0 1]]",[-7.05805793e-03 -1.12803800e+02 -5.63983709e+01 -5.63983709e+01],[-6.98011399e-03 -1.12803607e+02 -5.63983135e+01 -5.63983135e+01],[-7.07554092e-03 -1.12803751e+02 -5.63983379e+01 -5.63983379e+01],[-7.03506529e-03 -1.12803756e+02 -5.63983605e+01 -5.63983605e+01],,,,
1,2,s22,2,"[[-2.93097845 -0.21641144  0.        ]
 [-3.65521977  1.44092184  0.        ]
 [-1.13322529  0.07693453  0.        ]]",[8 1 1],"[[ 2.55231135  0.21064588  0.        ]
 [ 3.175492   -0.70626813 -1.43347254]
 [ 3.175492   -0.70626813  1.43347254]]",[8 1 1],"[[0 1]
 [0 1]
 [0 1]]",[-1.09038886e-02 -1.52487245e+02 -7.62381829e+01 -7.62381586e+01],[-1.07065917e-02 -1.52486866e+02 -7.62380914e+01 -7.62380676e+01],[-1.08782102e-02 -1.52487147e+02 -7.62381465e+01 -7.62381221e+01],[-1.08786567e-02 -1.52487210e+02 -7.62381780e+01 -7.62381536e+01],,,,
2,3,s22,3,"[[-3.56949612 -0.33956867  0.        ]
 [-2.82189023  2.02897815  0.        ]
 [-2.2118016  -2.2045356   0.        ]
 [-5.63041631 -0.48911592  0.        ]
 [-0.94265775  2.09229532  0.        ]]",[6 8 8 1 1],"[[ 3.56949612  0.33956867  0.        ]
 [ 2.82189023 -2.02897815  0.        ]
 [ 2.2118016   2.2045356   0.        ]
 [ 5.63041631  0.48911592  0.        ]
 [ 0.94265775 -2.09229532  0.        ]]",[6 8 8 1 1],"[[0 1]
 [0 1]
 [0 1]]",[-3.21394588e-02 -3.78615219e+02 -1.89291540e+02 -1.89291540e+02],[-3.15703814e-02 -3.78614080e+02 -1.89291255e+02 -1.89291255e+02],[-3.15779520e-02 -3.78614145e+02 -1.89291284e+02 -1.89291284e+02],[-3.19034064e-02 -3.78614726e+02 -1.89291411e+02 -1.89291411e+02],,,,
3,4,s22,4,"[[-3.81469375  0.09993439  0.        ]
 [-2.74426028  2.16115505  0.        ]
 [-2.66029975 -2.15898186  0.        ]
 [-3.71254839 -3.73605658  0.        ]
 [-0.7317851  -2.2823772   0.        ]
 [-5.89039161 -0.02589114  0.        ]]",[6 8 7 1 1 1],"[[ 3.81469375 -0.09993439  0.        ]
 [ 2.74426028 -2.16115505  0.        ]
 [ 2.66029975  2.15898186  0.        ]
 [ 3.71254839  3.73605658  0.        ]
 [ 0.7317851   2.2823772   0.        ]
 [ 5.89039161  0.02589114  0.        ]]",[6 8 7 1 1 1],"[[0 1]
 [0 1]
 [0 1]]",[-2.76303101e-02 -3.38924419e+02 -1.69448394e+02 -1.69448394e+02],[-2.71350442e-02 -3.38923943e+02 -1.69448404e+02 -1.69448404e+02],[-2.72292701e-02 -3.38923318e+02 -1.69448044e+02 -1.69448044e+02],[-2.73467882e-02 -3.38923783e+02 -1.69448218e+02 -1.69448218e+02],,,,
4,5,s22,5,"[[-2.77096513  1.91272277  0.        ]
 [-1.18702466  3.61744187  0.        ]
 [ 1.36156525  3.19036566  0.        ]
 [ 3.09296955  5.11223149  0.        ]
 [ 2.41299809  7.57057602  0.        ]
 [-0.24301972  8.24327808  0.        ]
 [-1.8476287   6.12203858  0.        ]
 [-1.12858772 10.36780589  0.        ]
 [ 3.79901167  9.05909042  0.        ]
 [ 1.93366509  1.33449057  0.        ]
 [-3.72281111  6.48626761  0.        ]
 [ 5.04379619  4.51331171  0.        ]]",[8 6 7 6 6 6 7 8 1 1 1 1],"[[  2.77096513  -1.91272277   0.        ]
 [  1.18702466  -3.61744187   0.        ]
 [ -1.36156525  -3.19036566   0.        ]
 [ -3.09296955  -5.11223149   0.        ]
 [ -2.41299809  -7.57057602   0.        ]
 [  0.24301972  -8.24327808   0.        ]
 [  1.8476287   -6.12203858   0.        ]
 [  1.12858772 -10.36780589   0.        ]
 [ -3.79901167  -9.05909042   0.        ]
 [ -1.93366509  -1.33449057   0.        ]
 [  3.72281111  -6.48626761   0.        ]
 [ -5.04379619  -4.51331171   0.        ]]",[8 6 7 6 6 6 7 8 1 1 1 1],"[[0 1]
 [0 1]
 [0 1]]",[-3.31004924e-02 -8.27472887e+02 -4.13719893e+02 -4.13719893e+02],[-3.22635143e-02 -8.27480637e+02 -4.13724187e+02 -4.13724187e+02],[-3.27029159e-02 -8.27470811e+02 -4.13719054e+02 -4.13719054e+02],[-3.28769663e-02 -8.27471779e+02 -4.13719451e+02 -4.13719451e+02],,,,
5,6,s22,6,"[[-2.64112148 -3.56371507 -0.69410793]
 [-2.76704093  0.68820575  0.03633962]
 [-7.90990185  0.6985692   0.06821155]
 [-6.58240705  2.98257572  0.47257364]
 [-4.00234583  2.89261285  0.44189034]
 [-3.92568549 -1.63224943 -0.35893723]
 [-6.64352721 -1.52159803 -0.33213543]
 [-9.95470779  0.70060235  0.07774692]
 [-7.54384981  4.74842066  0.79640882]
 [-2.82120917  4.53233728  0.734162  ]
 [-7.63472523 -3.2783823  -0.63858929]
 [-0.80601846  0.68259308  0.01389667]]",[8 7 6 6 6 6 6 1 1 1 1 1],"[[ 2.70752703  0.68780418 -0.03014264]
 [ 3.99756444 -1.47463833  0.31768167]
 [ 6.65893869 -1.5148226   0.29196779]
 [ 7.97197917  0.70596067 -0.09938618]
 [ 6.63288352  2.95080999 -0.46293811]
 [ 4.02136327  2.8257687  -0.41108611]
 [ 7.64568186 -3.2808208   0.58144662]
 [10.01543999  0.6927753  -0.12535479]
 [ 7.57986591  4.7289098  -0.78046672]
 [ 2.89881682  4.5152808  -0.69363626]
 [ 2.62353002 -3.60617155  0.79333518]
 [ 3.53278895 -5.25585238  0.55565224]
 [ 0.77272167 -3.60558649  0.24582691]]",[7 6 6 6 6 6 1 1 1 1 7 1 1],"[[0 1]
 [0 1]
 [0 1]]",[-2.81187170e-02 -6.25416969e+02 -3.22614475e+02 -3.02774376e+02],[-2.83311031e-02 -6.25426572e+02 -3.22619032e+02 -3.02779210e+02],[-2.81034396e-02 -6.25415059e+02 -3.22613482e+02 -3.02773473e+02],[-2.79290023e-02 -6.25415811e+02 -3.22614010e+02 -3.02773872e+02],,,,
6,7,s22,7,"[[ 1.76692322e+00 -5.28747300e-02 -7.16001360e-01]
 [ 3.16333313e+00 -6.76079800e-02  1.40299239e+00]
 [ 5.81052139e+00 -1.78541300e-02  1.13280804e+00]
 [ 6.73613834e+00  3.69339400e-02 -1.33412246e+00]
 [ 5.39167398e+00  4.87607900e-02 -3.47890945e+00]
 [ 2.92732939e+00  2.37520000e-03 -2.98728076e+00]
 [ 7.72630098e+00 -1.02855900e-02  2.88935081e+00]
 [ 9.79443558e+00  4.79935600e-02  1.48762567e+00]
 [ 9.31538056e+00  7.79330600e-02 -1.05206231e+00]
 [ 2.02506396e+00 -1.44633210e-01  3.66444163e+00]
 [ 1.66190736e+00  9.49776000e-03 -4.59500306e+00]
 [ 1.16941149e+01  7.09671500e-02  2.21831624e+00]
 [ 1.05891499e+01  1.22596930e-01 -2.46360023e+00]
 [ 1.10910860e-01 -8.00799800e-02  3.78685639e+00]
 [ 3.10742709e+00 -6.56481400e-02  5.21926463e+00]]",[7 6 6 6 7 6 7 6 7 7 1 1 1 1 1],"[[-7.40994287e+00 -1.82283000e-03 -2.86551626e+00]
 [-8.71859787e+00  3.19460100e-02 -6.30510900e-01]
 [-7.54329291e+00  4.14507600e-02  1.63713362e+00]
 [-4.79260378e+00  1.41069900e-02  1.65667074e+00]
 [-3.63894809e+00 -2.08990500e-02 -6.87661510e-01]
 [-4.79912900e+00 -2.82464900e-02 -3.01644830e+00]
 [-8.90176864e+00  7.81161800e-02  4.10800703e+00]
 [-3.52901252e+00  2.11825100e-02  3.61331377e+00]
 [-3.66924021e+00 -5.51569500e-02 -5.02171720e+00]
 [-8.31803999e+00 -6.81775000e-03 -4.53627320e+00]
 [-1.67018814e+00 -4.08498300e-02 -7.15123200e-01]
 [-1.07542840e+01  5.08992100e-02 -7.98821820e-01]
 [-8.39780722e+00 -1.56895891e+00  5.23372028e+00]
 [-8.36526122e+00  1.73593606e+00  5.20246440e+00]
 [-1.09384852e+01  9.55313200e-02  3.82618140e+00]]",[7 6 6 6 7 6 6 8 8 1 1 1 1 1 1],"[[0 1]
 [0 1]
 [0 1]]",,[-2.78815751e-02 -9.18988961e+02 -4.66036135e+02 -4.52924945e+02],[-2.81101924e-02 -9.18974398e+02 -4.66028251e+02 -4.52918038e+02],[-2.80222851e-02 -9.18975121e+02 -4.66028829e+02 -4.52918269e+02],,,,
7,8,s22,8,"[[ 0.00000000e+00 -2.64560000e-04  3.51330511e+00]
 [-1.67911804e+00  9.69542890e-01  2.82454529e+00]
 [ 1.67911804e+00  9.69542890e-01  2.82454529e+00]
 [ 0.00000000e+00 -1.93949962e+00  2.82489111e+00]
 [ 0.00000000e+00  1.68190000e-04  5.57144930e+00]]",[6 1 1 1 1],"[[ 0.00000000e+00  2.64560000e-04 -3.51330511e+00]
 [ 0.00000000e+00 -1.68190000e-04 -5.57144930e+00]
 [-1.67911804e+00 -9.69542890e-01 -2.82454529e+00]
 [ 1.67911804e+00 -9.69542890e-01 -2.82454529e+00]
 [ 0.00000000e+00  1.93949962e+00 -2.82489111e+00]]",[6 1 1 1 1],"[[0 1]
 [0 1]
 [0 1]]",[-3.97913899e-04 -8.07673029e+01 -4.03834525e+01 -4.03834525e+01],[-4.29588688e-04 -8.07673116e+01 -4.03834410e+01 -4.03834410e+01],[-4.28149230e-04 -8.07672764e+01 -4.03834241e+01 -4.03834241e+01],[-3.62800371e-04 -8.07672713e+01 -4.03834542e+01 -4.03834542e+01],,,,
8,9,s22,9,"[[-0.891809   -0.891809   -3.51321063]
 [ 0.891809    0.891809   -3.51321063]
 [-1.64863865 -1.64863865 -1.76901987]
 [ 1.64863865  1.64863865 -1.76901987]
 [-1.64493856 -1.64493856 -5.25968984]
 [ 1.64493856  1.64493856 -5.25968984]]",[6 6 1 1 1 1],"[[-0.891809    0.891809    3.51321063]
 [ 0.891809   -0.891809    3.51321063]
 [-1.64863865  1.64863865  1.76901987]
 [ 1.64863865 -1.64863865  1.76901987]
 [-1.64493856  1.64493856  5.25968984]
 [ 1.64493856 -1.64493856  5.25968984]]",[6 6 1 1 1 1],"[[0 1]
 [0 1]
 [0 1]]",[-1.62534433e-03 -1.56691729e+02 -7.83450516e+01 -7.83450516e+01],[-1.86205590e-03 -1.56691522e+02 -7.83448297e+01 -7.83448297e+01],[-1.79143763e-03 -1.56691629e+02 -7.83449190e+01 -7.83449190e+01],[-1.56889443e-03 -1.56691583e+02 -7.83450073e+01 -7.83450073e+01],,,,
9,10,s22,10,"[[ 2.63280008  0.06858062 -1.19672633]
 [ 1.37578941 -2.24575336 -1.19676677]
 [-1.25700746 -2.31436214 -1.19672633]
 [-2.63277419 -0.06859177 -1.19676677]
 [-1.37579262  2.24578133 -1.19672633]
 [ 1.25698478  2.31434513 -1.19676677]
 [ 4.67569965  0.12178983 -1.19378535]
 [ 2.44333802 -3.98834428 -1.19381577]
 [-2.23237675 -4.11016963 -1.19378535]
 [-4.67567641 -0.12182063 -1.19381577]
 [-2.44332291  3.98837962 -1.19378535]
 [ 2.23233839  4.11016491 -1.19381577]]",[6 6 6 6 6 6 1 1 1 1 1 1],"[[ 0.          0.          5.8253066 ]
 [ 1.10903793  1.58391968  6.51270903]
 [-1.92623356  0.16849516  6.51270903]
 [ 0.          0.          3.7731589 ]
 [ 0.81719562 -1.75241485  6.51270903]]",[6 1 1 1 1],"[[0 1]
 [0 1]
 [0 1]]",[-1.67926026e-03 -2.71929416e+02 -2.31544528e+02 -4.03832089e+01],[-2.20198394e-03 -2.71934388e+02 -2.31548989e+02 -4.03831972e+01],[-2.04189372e-03 -2.71929102e+02 -2.31543880e+02 -4.03831803e+01],[-1.61129078e-03 -2.71929018e+02 -2.31544196e+02 -4.03832105e+01],,,,
10,11,s22,11,"[[-1.98010266 -2.68657374  0.        ]
 [-2.74861307 -1.61655847  2.27939672]
 [-2.74861307 -1.61655847 -2.27939672]
 [-4.28362551  0.52375838  2.28081232]
 [-5.04836196  1.59685845  0.        ]
 [-4.28362551  0.52375838 -2.28081232]
 [-2.14267239 -2.44163821 -4.04838862]
 [-4.88020695  1.3536233  -4.05119052]
 [-6.24184514  3.25650834  0.        ]
 [-4.88020695  1.3536233   4.05119052]
 [-2.14267239 -2.44163821  4.04838862]
 [-0.76727662 -4.33107257  0.        ]]",[6 6 6 6 6 6 1 1 1 1 1 1],"[[ 1.98010266  2.68657374  0.        ]
 [ 2.74861307  1.61655847 -2.27939672]
 [ 2.74861307  1.61655847  2.27939672]
 [ 4.28362551 -0.52375838 -2.28081232]
 [ 5.04836196 -1.59685845  0.        ]
 [ 4.28362551 -0.52375838  2.28081232]
 [ 0.76727662  4.33107257  0.        ]
 [ 2.14267239  2.44163821  4.04838862]
 [ 4.88020695 -1.3536233   4.05119052]
 [ 6.24184514 -3.25650834  0.        ]
 [ 4.88020695 -1.3536233  -4.05119052]
 [ 2.14267239  2.44163821 -4.04838862]]",[6 6 6 6 6 6 1 1 1 1 1 1],"[[0 1]
 [0 1]
 [0 1]]",,[-4.58274257e-03 -4.63102562e+02 -2.31548990e+02 -2.31548990e+02],[-3.83959465e-03 -4.63091601e+02 -2.31543881e+02 -2.31543881e+02],[-1.83262162e-03 -4.63090224e+02 -2.31544196e+02 -2.31544196e+02],,,,
11,12,s22,12,"[[-2.35684639 -2.21442114 -1.31551168]
 [-2.35684639 -2.21442114  1.31551168]
 [-0.48934647 -3.25708868  2.67297905]
 [ 1.38239645 -4.28064938  1.31662662]
 [ 1.38239645 -4.28064938 -1.31662662]
 [-0.48934647 -3.25708868 -2.67297905]
 [-3.89932948 -1.36498679 -2.35701703]
 [-3.89932948 -1.36498679  2.35701703]
 [ 2.92680858 -5.12650232  2.35754748]
 [ 2.92680858 -5.12650232 -2.35754748]]",[6 6 7 6 6 7 1 1 1 1],"[[-0.63873329  3.93074524  2.13547594]
 [ 1.61387411  2.56879373  2.13658256]
 [ 2.7782351   1.87226468  0.        ]
 [ 1.61387411  2.56879373 -2.13658256]
 [-0.63873329  3.93074524 -2.13547594]
 [-1.79959734  4.63527822  0.        ]
 [-1.53138832  4.46788571  3.89635883]
 [ 2.49606044  2.01645305  3.89736852]
 [ 2.49606044  2.01645305 -3.89736852]
 [-1.53138832  4.46788571 -3.89635883]]",[6 6 7 6 6 7 1 1 1 1],"[[0 1]
 [0 1]
 [0 1]]",,[-7.47903480e-03 -5.27141165e+02 -2.63566830e+02 -2.63566856e+02],[-6.81351252e-03 -5.27135037e+02 -2.63564105e+02 -2.63564119e+02],[-4.65155871e-03 -5.27133770e+02 -2.63564554e+02 -2.63564565e+02],,,,
12,13,s22,13,"[[ 3.80091708 -2.29262953 -0.18532034]
 [ 3.82803257 -1.31747869 -2.57834781]
 [ 4.34168508 -2.62872091 -4.05468311]
 [ 3.23997815  1.11865191 -3.04716297]
 [ 3.26409994  1.87242871 -4.93597409]
 [ 2.47357685  2.75434008 -0.98377063]
 [ 1.73966789  4.93423819 -1.18305492]
 [ 2.60194217  1.58688882  1.38826009]
 [ 1.9876215   2.61958163  2.87875398]
 [ 3.11047201 -0.91691647  1.92511446]
 [ 2.95006846 -1.83644738  4.02474985]
 [ 4.02410281 -4.16024076  0.10736177]]",[7 6 1 6 1 6 8 7 1 6 8 1],"[[-3.80091708  2.29262953 -0.18532034]
 [-3.82803257  1.31747869 -2.57834781]
 [-4.34168508  2.62872091 -4.05468311]
 [-3.23997815 -1.11865191 -3.04716297]
 [-3.26409994 -1.87242871 -4.93597409]
 [-2.47357685 -2.75434008 -0.98377063]
 [-1.73966789 -4.93423819 -1.18305492]
 [-2.60194217 -1.58688882  1.38826009]
 [-1.9876215  -2.61958163  2.87875398]
 [-3.11047201  0.91691647  1.92511446]
 [-2.95006846  1.83644738  4.02474985]
 [-4.02410281  4.16024076  0.10736177]]",[7 6 1 6 1 6 8 7 1 6 8 1],"[[0 1]
 [0 1]
 [0 1]]",,[-1.61306654e-02 -8.27465254e+02 -4.13724562e+02 -4.13724562e+02],[-1.61417063e-02 -8.27455759e+02 -4.13719809e+02 -4.13719809e+02],[-1.42595553e-02 -8.27454853e+02 -4.13720297e+02 -4.13720297e+02],,,,
13,14,s22,14,"[[-0.03982447  2.8947987  -2.57746266]
 [-2.40879496  1.84078789 -3.0375641 ]
 [-2.60461991 -0.4265076  -4.36227289]
 [-0.43263881 -1.63726873 -5.23226311]
 [ 1.93656903 -0.57356419 -4.78335225]
 [ 2.13350004  1.69447717 -3.45816668]
 [ 0.11352341  4.64223071 -1.5295362 ]
 [-4.09144641  2.76930312 -2.344333  ]
 [-4.44269604 -1.25026586 -4.71046324]
 [-0.5864612  -3.39314726 -6.26873254]
 [ 3.62182018 -1.50060223 -5.47906097]
 [ 3.96849044  2.51839209 -3.09923021]]",[6 6 6 6 6 6 1 1 1 1 1 1],"[[-5.55912961  1.6920294   4.20257213]
 [-3.82115359  0.80474743  3.59304003]
 [-1.54001681  2.02965146  3.98108263]
 [-1.48372395  3.86332056  4.88609212]
 [ 0.7000086   0.84902598  3.18370815]
 [ 3.30864947  1.51913855  3.24919586]
 [ 4.13285145  3.21220957  4.02056297]
 [ 4.62063719 -0.43666695  2.14546522]
 [ 2.9567528  -2.29371404  1.42776065]
 [ 0.54069108 -1.56270637  2.00665331]
 [-1.75454778 -2.80683308  1.62647537]
 [-1.83855234 -4.64019359  0.72452345]
 [-3.92927881 -1.59070871  2.43329507]
 [-5.74287278 -2.49516527  2.16721351]
 [ 3.41582    -3.84879821  0.44088029]
 [ 6.61948272 -0.65863456  1.83213351]]",[1 6 6 1 6 6 1 6 7 6 6 1 6 1 1 1],"[[0 1]
 [0 1]
 [0 1]]",,[-8.24321243e-03 -5.94309627e+02 -2.31549029e+02 -3.62752355e+02],[-7.26078896e-03 -5.94293825e+02 -2.31543920e+02 -3.62742644e+02],[-4.06948360e-03 -5.94291219e+02 -2.31544236e+02 -3.62742913e+02],,,,
14,15,s22,15,"[[ 0.52780315  4.5482671  -1.14470481]
 [-2.05008262  4.6217903  -1.04154296]
 [-3.13588769  5.71269764 -2.37366703]
 [-3.01923754  3.24652624  0.8102282 ]
 [-0.92544707  2.21369284  1.94677885]
 [-0.65410338  0.55080036  4.00099297]
 [-2.68097146 -0.31705201  5.31040272]
 [-2.34113445 -1.8131548   6.43405977]
 [-4.33101304 -0.33792517  4.36028206]
 [ 1.67384948 -0.13242501  4.70910188]
 [ 3.65706376  0.7696624   3.39546406]
 [ 5.49160648  0.14898865  4.05500852]
 [ 3.66791589  2.31340631  1.39881345]
 [ 1.31377275  2.98196099  0.76798167]
 [ 1.62706799  5.34755549 -2.47639198]]",[7 6 1 7 6 6 7 1 1 7 6 1 7 6 1],"[[ 2.41027122 -1.22435223 -3.73770896]
 [ 2.67028374 -2.93603914 -1.80481449]
 [ 4.58424296 -3.52826607 -1.41139449]
 [ 0.67576153 -3.824711   -0.47820937]
 [ 0.91109215 -5.70309783  1.61027739]
 [ 0.33215811 -4.86719089  3.39891451]
 [-0.30267573 -7.32654605  1.25468328]
 [ 2.85583784 -6.34433349  1.797821  ]
 [-1.83014514 -2.89092419 -1.12245801]
 [-3.78498537 -3.47652103 -0.03769115]
 [-1.88158443 -1.20637659 -3.15970145]
 [-3.59313603 -0.47275656 -3.58778867]
 [ 0.12938993 -0.22521038 -4.49069962]
 [-0.07518748  1.3657062  -6.14748374]
 [ 3.9407005  -0.52159767 -4.6212453 ]]",[7 6 1 6 6 1 1 1 6 8 7 1 6 8 1],"[[0 1]
 [0 1]
 [0 1]]",,[-2.11910658e-02 -9.18982361e+02 -4.66036168e+02 -4.52925002e+02],[-2.09556264e-02 -9.18968828e+02 -4.66029003e+02 -4.52918869e+02],[-1.72593680e-02 -9.18965956e+02 -4.66029577e+02 -4.52919119e+02],,,,
15,16,s22,16,"[[ 0.         -1.26153959 -4.01502362]
 [ 0.          1.26153959 -4.01502362]
 [ 1.74539073 -2.32862069 -4.01790734]
 [-1.74539073 -2.32862069 -4.01790734]
 [-1.74539073  2.32862069 -4.01790734]
 [ 1.74539073  2.32862069 -4.01790734]]",[6 6 1 1 1 1],"[[0.         0.         5.4811563 ]
 [0.         0.         3.19975986]
 [0.         0.         1.18552346]
 [0.         0.         7.49074019]]",[6 6 1 1],"[[0 1]
 [0 1]
 [0 1]]",[-2.30326966e-03 -1.55446129e+02 -7.83450489e+01 -7.70987770e+01],[-2.45095277e-03 -1.55446098e+02 -7.83448269e+01 -7.70988204e+01],[-2.47705885e-03 -1.55446087e+02 -7.83449162e+01 -7.70986941e+01],[-2.25609202e-03 -1.55445971e+02 -7.83450046e+01 -7.70987104e+01],,,,
16,17,s22,17,"[[ 1.47514232 -1.15252034 -2.2819248 ]
 [ 0.90405235  1.41926104 -2.28260775]
 [ 0.61918615  2.70581815  0.        ]
 [ 0.90405235  1.41926104  2.28260775]
 [ 1.47514232 -1.15252034  2.2819248 ]
 [ 1.7615101  -2.43767376  0.        ]
 [ 1.69445846 -2.14976208 -4.05185287]
 [ 0.67536828  2.41546513 -4.05167599]
 [ 0.17358892  4.70001476  0.        ]
 [ 0.67536828  2.41546513  4.05167599]
 [ 1.69445846 -2.14976208  4.05185287]
 [ 2.20910193 -4.43172297  0.        ]]",[6 6 6 6 6 6 1 1 1 1 1 1],"[[-5.26955232 -0.51870223  0.        ]
 [-4.9565842  -2.30373318  0.        ]
 [-3.59333369  0.18502497  0.        ]]",[8 1 1],"[[0 1]
 [0 1]
 [0 1]]",,[-5.23840951e-03 -3.07792498e+02 -2.31549054e+02 -7.62382059e+01],[-5.13740204e-03 -3.07787349e+02 -2.31543948e+02 -7.62382630e+01],[-4.83257874e-03 -3.07787392e+02 -2.31544266e+02 -7.62382941e+01],,,,
17,18,s22,18,"[[-1.39703862  0.97486908 -2.28110333]
 [-2.69502195  0.74936239  0.        ]
 [-1.39703862  0.97486908  2.28110333]
 [ 1.19851514  1.42606255  2.28103833]
 [ 2.49641023  1.65116067  0.        ]
 [ 1.19851514  1.42606255 -2.28103833]
 [-2.4036362   0.79487852 -4.05022997]
 [-4.70583474  0.3878438   0.        ]
 [-2.4036362   0.79487852  4.05022997]
 [ 2.20493339  1.60152116  4.05099645]
 [ 4.509564    2.00241276  0.        ]
 [ 2.20493339  1.60152116 -4.05099645]]",[6 6 6 6 6 6 1 1 1 1 1 1],"[[ 0.34089336 -5.57303497  0.        ]
 [ 1.43534053 -5.94497956 -1.52325702]
 [ 1.43534053 -5.94497956  1.52325702]
 [ 0.0839354  -3.67540374  0.        ]]",[7 1 1 1],"[[0 1]
 [0 1]
 [0 1]]",,[-3.50189662e-03 -2.87950960e+02 -2.31549018e+02 -5.63984403e+01],[-3.37259556e-03 -2.87945747e+02 -2.31543911e+02 -5.63984639e+01],[-2.99938195e-03 -2.87945714e+02 -2.31544228e+02 -5.63984871e+01],,,,
18,19,s22,19,"[[-1.34127866 -1.87162822  2.28222564]
 [-2.65796405 -1.8242526   0.        ]
 [-1.34127866 -1.87162822 -2.28222564]
 [ 1.29250672 -1.96627988 -2.28253442]
 [ 2.60967002 -2.01360183  0.        ]
 [ 1.29250672 -1.96627988  2.28253442]
 [-2.36205977 -1.83044164  4.05166862]
 [-4.69959713 -1.74555136  0.        ]
 [-2.36205977 -1.83044164 -4.05166862]
 [ 2.3135694  -1.99947254 -4.05205715]
 [ 4.65172829 -2.08433352  0.        ]
 [ 2.3135694  -1.99947254  4.05205715]]",[6 6 6 6 6 6 1 1 1 1 1 1],"[[-6.44737000e-03  6.68092376e+00  0.00000000e+00]
 [ 1.42100410e-01  4.47998128e+00  0.00000000e+00]
 [ 2.78979320e-01  2.46663060e+00  0.00000000e+00]]",[7 6 1],"[[0 1]
 [0 1]
 [0 1]]",,[-6.92984614e-03 -3.24733144e+02 -2.31549090e+02 -9.31771246e+01],[-6.68869699e-03 -3.24727867e+02 -2.31543986e+02 -9.31771930e+01],[-6.00422133e-03 -3.24727573e+02 -2.31544304e+02 -9.31772647e+01],,,,
19,20,s22,20,"[[ 0.          0.          2.00128667]
 [ 0.         -2.27902558  3.32152286]
 [ 0.         -2.28123335  5.9556429 ]
 [ 0.          0.          7.27275291]
 [ 0.          2.28123335  5.9556429 ]
 [ 0.          2.27902558  3.32152286]
 [ 0.          0.         -0.04078123]
 [ 0.         -4.0471106   2.29492441]
 [ 0.         -4.0507521   6.9787497 ]
 [ 0.          0.          9.31663307]
 [ 0.          4.0507521   6.9787497 ]
 [ 0.          4.0471106   2.29492441]]",[6 6 6 6 6 6 1 1 1 1 1 1],"[[-2.63439784  0.         -4.63767591]
 [-1.31722755  2.28134881 -4.63857409]
 [ 1.31722755  2.28134881 -4.63857409]
 [ 2.63439784  0.         -4.63767591]
 [ 1.31722755 -2.28134881 -4.63857409]
 [-1.31722755 -2.28134881 -4.63857409]
 [-4.67782711  0.         -4.63043769]
 [-2.33991955  4.05075173 -4.6367764 ]
 [ 2.33991955  4.05075173 -4.6367764 ]
 [ 4.67782711  0.         -4.63043769]
 [ 2.33991955 -4.05075173 -4.6367764 ]
 [-2.33991955 -4.05075173 -4.6367764 ]]",[6 6 6 6 6 6 1 1 1 1 1 1],"[[0 1]
 [0 1]
 [0 1]]",,[-4.80015369e-03 -4.63102861e+02 -2.31549024e+02 -2.31549037e+02],[-4.49647997e-03 -4.63092341e+02 -2.31543915e+02 -2.31543930e+02],[-3.67416282e-03 -4.63092152e+02 -2.31544232e+02 -2.31544246e+02],,,,
20,21,s22,21,"[[ 4.74680249  3.07083292  0.        ]
 [ 5.12684474  1.81008116 -2.28334058]
 [ 5.89175429 -0.71194222 -2.28347834]
 [ 6.27650763 -1.97236517  0.        ]
 [ 5.89175429 -0.71194222  2.28347834]
 [ 5.12684474  1.81008116  2.28334058]
 [ 4.16194     5.02881784  0.        ]
 [ 4.82102394  2.78487201 -4.05268775]
 [ 6.17997116 -1.69157058 -4.05315621]
 [ 6.87258224 -3.92713832  0.        ]
 [ 6.17997116 -1.69157058  4.05315621]
 [ 4.82102394  2.78487201  4.05268775]]",[6 6 6 6 6 6 1 1 1 1 1 1],"[[ 1.52411042 -0.8237063   0.        ]
 [-0.27257561 -1.45261868  0.        ]
 [-0.97531071 -3.94824637  0.        ]
 [-3.57134711 -4.12234211  0.        ]
 [-4.52255247 -1.60075488  0.        ]
 [-2.38873722  0.03701728  0.        ]
 [-2.62596418  2.66785261  0.        ]
 [-5.05057672  3.65972865  0.        ]
 [-7.19126036  2.07393474  0.        ]
 [-6.95384575 -0.53237534  0.        ]
 [ 0.43653127 -5.41466496  0.        ]
 [-4.64603511 -5.84984602  0.        ]
 [-0.98052843  3.88140675  0.        ]
 [-5.30589176  5.68767105  0.        ]
 [-9.05292028  2.91761846  0.        ]
 [-8.61340702 -1.72776072  0.        ]]",[1 7 6 6 6 6 6 6 6 6 1 1 1 1 1 1],"[[0 1]
 [0 1]
 [0 1]]",,[-9.37306310e-03 -5.94310974e+02 -2.31549118e+02 -3.62752483e+02],[-9.06231459e-03 -5.94295858e+02 -2.31544014e+02 -3.62742782e+02],[-7.93698786e-03 -5.94295313e+02 -2.31544333e+02 -3.62743043e+02],,,,
21,22,s22,22,"[[-3.79287989  1.44345955 -0.20475353]
 [-2.62389304  3.64689231 -0.83737657]
 [-0.98986141  3.71265402 -0.01220933]
 [-2.76482182 -0.28707208  1.50231904]
 [-4.05833595 -2.51240865  2.05671688]
 [-6.37654217 -3.02950064  0.92518421]
 [-7.39709236 -1.29229771 -0.77309225]
 [-6.1171372   0.93156109 -1.34097347]
 [-0.96499054  0.10706602  2.38909816]
 [-3.24109479 -3.84019788  3.37853117]
 [-7.37459271 -4.75717104  1.36021485]
 [-9.197435   -1.66729383 -1.66509797]
 [-6.88458635  2.29305888 -2.65649951]]",[6 8 1 6 6 6 6 6 1 1 1 1 1],"[[ 2.55702017  3.66280399  0.89254278]
 [ 3.84932431  1.48627772  0.28260684]
 [ 3.37180922  4.43849329  2.323817  ]
 [ 3.00542534  0.13168745 -1.80925271]
 [ 4.23626841 -2.09188241 -2.48085324]
 [ 6.29574995 -2.96036993 -1.08633476]
 [ 7.12366996 -1.58678432  0.99899219]
 [ 5.90063884  0.63938846  1.69328739]
 [ 1.40699785  0.82542916 -2.87589539]
 [ 3.5756383  -3.14634222 -4.10105397]
 [ 7.24336314 -4.68870097 -1.61886525]
 [ 8.71874886 -2.23934454  2.09620422]
 [ 6.53823583  1.70649374  3.32015224]]",[8 6 1 6 6 6 6 6 1 1 1 1 1],"[[0 1]
 [0 1]
 [0 1]]",,[-1.32789866e-02 -6.13206787e+02 -3.06596650e+02 -3.06596858e+02],[-1.37377383e-02 -6.13195347e+02 -3.06590891e+02 -3.06590719e+02],[-1.31253170e-02 -6.13195712e+02 -3.06591377e+02 -3.06591210e+02],,,,
