,id,Benchmark,System,System #,ccsd_jun_cc_pvdz_1-verytight-CP_C_IE,ccsd_jun_cc_pvdz_1-tight-CP_C_IE,ccsd_jun_cc_pvdz_1-normal-CP_C_IE,ccsd_cc_pvdz_1-verytight-CP_C_IE,ccsd_cc_pvdz_1-tight-CP_C_IE,ccsd_cc_pvdz_1-normal-CP_C_IE,ccsd_may_cc_pvtz_1-verytight-CP_C_IE,ccsd_may_cc_pvtz_1-tight-CP_C_IE,ccsd_may_cc_pvtz_1-normal-CP_C_IE,ccsd_aug_cc_pvdz_1-verytight-CP_C_IE,ccsd_aug_cc_pvdz_1-tight-CP_C_IE,ccsd_aug_cc_pvdz_1-normal-CP_C_IE,ccsd_aug_cc_pvtz_1-verytight-CP_C_IE,ccsd_aug_cc_pvtz_1-tight-CP_C_IE,ccsd_aug_cc_pvtz_1-normal-CP_C_IE,ccsd_cc_pvtz_1-verytight-CP_C_IE,ccsd_cc_pvtz_1-tight-CP_C_IE,ccsd_cc_pvtz_1-normal-CP_C_IE
0,1097,3.239,Parallel Displaced Benzene Dimer Interplane 3.2,9,0.01307397198615945,0.0130739719870121,0.01307397198684157,0.014007284701619938,0.014007284701960998,0.014007284701676781,0.011198926685835886,0.011198926684812704,0.011198926684812704,0.010781782565629783,0.010781782562332864,0.010781782563014985,,0.009893847214243578,0.009893847212822493,,0.011528649711749495,0.011528649711522121
1,1098,2.617,Parallel Displaced Benzene Dimer Interplane 3.2,9,0.011917677744634148,0.011917677745316269,0.011917677744463617,0.012906141222515544,0.012906141222742917,0.012906141221833423,0.010070575717236352,0.01007057571621317,0.010070575717122665,0.00964850257537364,0.009648502575998918,0.009648502576169449,,0.008795003763168552,0.008795003764703324,,0.010416449003628259,0.010416449003855632
2,1099,1.724,Parallel Displaced Benzene Dimer Interplane 3.2,9,0.010253990695161974,0.01025399069510513,0.010253990695559878,0.011312742125710429,0.011312742125653585,0.011312742125994646,0.00845023487039498,0.008450234871020257,0.0084502348710771,0.008016429627616617,0.00801642962750293,0.008016429627275556,,0.007213930616558173,0.007213930617069764,,0.008811627912791664,0.008811627913985376
3,1100,0.725,Parallel Displaced Benzene Dimer Interplane 3.2,9,0.008377363777753999,0.008377363777697155,0.008377363777867686,0.00950566500421246,0.00950566500370087,0.009505665004326147,0.006622955203113179,0.0066229552026584315,0.006622955202431058,0.006176873208517009,0.006176873208460165,0.0061768732086306954,,0.005429715101513466,0.005429715099865007,,0.0069965114208798695,0.006996511420311435
4,1101,-0.223,Parallel Displaced Benzene Dimer Interplane 3.2,9,0.006563227575043129,0.006563227575611563,0.006563227575156816,0.00775043352166449,0.007750433522176081,0.0077504335215508036,0.004858065584926408,0.004858065584983251,0.004858065584926408,0.004404843439431261,0.00440484344107972,0.004404843440681816,,0.0037100716702411773,0.0037100716677969103,,0.005240043630408309,0.005240043630578839
5,1102,-1.001,Parallel Displaced Benzene Dimer Interplane 3.2,9,0.005011765426218062,0.005011765425535941,0.005011765425592785,0.00624141378477816,0.006241413785176064,0.006241413785573968,,0.0033547269424047954,0.003354726941665831,,0.0029012564117465445,0.0029012564132244734,,0.0022538068162702984,0.002253806817691384,,0.0037412160161238717,0.003741216015612281
6,1103,-1.551,Parallel Displaced Benzene Dimer Interplane 3.2,9,0.0038233103809943714,0.0038233103811649016,0.003823310381051215,0.005075711058168508,0.005075711058793786,0.0050757110587369425,0.0022158743207683074,0.0022158743204840903,0.00221587432031356,0.0017677811824796663,0.001767781183787065,0.0017677811828775702,,0.0011633883444233106,0.0011633883462423,,0.0026026542663544205,0.002602654266297577
7,1104,-1.735,Parallel Displaced Benzene Dimer Interplane 3.2,9,,,,,,,,,,,,,,,,,,
8,1105,-1.865,Parallel Displaced Benzene Dimer Interplane 3.2,9,0.0030040483380844307,0.0030040483383118044,0.0030040483381981176,0.004258039559545068,0.004258039560227189,0.004258039559886129,0.0014512989937429666,0.0014512989932882192,0.0014512989934587495,0.0010127960513841572,0.0010127960513273138,0.0010127960503609756,,0.0004481696793163792,0.0004481696781795108,,0.0018338638901695958,0.0018338638899990656
9,1106,-1.947,Parallel Displaced Benzene Dimer Interplane 3.2,9,0.0027152373106105188,0.002715237310383145,0.0027152373106105188,0.00396198198853881,0.0039619819886524965,0.0039619819893346175,0.0011925528128244878,0.0011925528128813312,0.0011925528130518614,0.0007603589396580901,0.0007603589385212217,0.0007603589388054388,,,0.00021436318485257289,,0.0015712043198732317,0.0015712043197595449
10,1107,-1.986,Parallel Displaced Benzene Dimer Interplane 3.2,9,0.00249192141683352,0.0024919214170040505,0.0024919214170040505,0.0037261398735495277,0.0037261398732653106,0.003726139873720058,0.0010011845245117001,0.0010011845248527607,0.0010011845243980133,0.0005764720788761224,0.0005764720810361723,0.0005764720796719303,,4.821310818670099e-05,4.821311028990749e-05,,0.0013747196821896068,0.0013747196830991015
11,1108,-1.991,Parallel Displaced Benzene Dimer Interplane 3.2,9,0.0023210064142062947,0.002321006413581017,0.002321006413978921,0.0035376425401523193,0.003537642539981789,0.0035376425397544153,0.0008640283669478777,0.0008640283664931303,0.0008640283668910342,0.00044806778828387905,0.0004480677877722883,0.0004480677878291317,,-6.34191496828862e-05,-6.341915013763355e-05,,0.0012312485026200193,0.0012312485030747666
12,1109,-1.971,Parallel Displaced Benzene Dimer Interplane 3.2,9,0.0021890862921054577,0.0021890862915370235,0.002189086291764397,0.003383366666753318,0.003383366666867005,0.0033833666665827877,0.0007674550362253285,0.0007674550360547983,0.0007674550361684851,0.00036159304028160477,0.0003615930403384482,0.0003615930416458468,,-0.00013403874976347652,-0.00013403875186668301,,0.0011272176333250172,0.0011272176330408001
13,1110,-1.891,Parallel Displaced Benzene Dimer Interplane 3.2,9,0.001990884099768664,0.0019908841001097244,0.001990884100166568,0.003128044904087801,0.003128044903917271,0.003128044903803584,0.0006439441463044204,0.0006439441463044204,0.0006439441461338902,0.0002620746910224625,0.00026207468994243754,0.00026207469085193225,,-0.00020405255980904258,-0.00020405255963851232,0.0009857513124984507,0.0009857513119300165,0.0009857513118163297
14,1111,-1.795,Parallel Displaced Benzene Dimer Interplane 3.2,9,0.0018068108432771623,0.0018068108437319097,0.0018068108437319097,0.0028746106000312466,0.002874610599803873,0.0028746105998607163,0.0005393016808739048,0.0005393016802486272,0.0005393016804760009,0.00018484438743371356,0.00018484438800214775,0.00018484438732002673,,-0.0002529896413534516,-0.0002529896401597398,,0.0008600403695027126,0.0008600403692184955
15,1112,-1.727,Parallel Displaced Benzene Dimer Interplane 3.2,9,0.0015732863638504568,0.0015732863639641437,0.0015732863635093963,0.0025658571112217032,0.002565857110653269,0.0025658571108806427,0.00039066215242655744,0.00039066215219918377,0.0003906621513465325,6.408262481727434e-05,6.408262481727434e-05,6.408262555623878e-05,,-0.00034415779566643323,-0.00034415779367691357,,0.0006886285567588857,0.0006886285572704764
16,1113,-1.702,Parallel Displaced Benzene Dimer Interplane 3.2,9,0.0012592537051432373,0.0012592537051432373,0.0012592537044042729,0.002177124401157471,0.002177124401328001,0.002177124401725905,0.00016796981680045064,0.00016796981589095594,0.00016796981628885987,-0.00013288744816009057,-0.00013288744668216168,-0.00013288744628425775,,-0.000507896777435235,-0.0005078967775489218,,0.00044318406463617066,0.00044318406492038775
17,1114,-1.724,Parallel Displaced Benzene Dimer Interplane 3.2,9,0.0008656234086856784,0.0008656234081740877,0.0008656234082309311,0.0017135846073870198,0.0017135846063638382,0.0017135846066480553,-0.0001289343151711364,-0.0001289343142616417,-0.0001289343148300759,-0.00040711433456408486,-0.00040711433490514537,-0.00040711433427986776,,-0.0007444638684432903,-0.0007444638692959415,,0.0001252395044843979,0.00012523950459808475
18,1115,0.032,Parallel Displaced Benzene Dimer Interplane 3.4,3,0.005808222243445016,0.005808222243160799,0.005808222242819738,0.006773927569724947,0.006773927569724947,0.006773927570122851,0.0045140889957338,0.004514088995449583,0.004514088994881149,0.004045875224335305,0.004045875223710027,0.004045875224392148,,0.0035417125274648242,0.003541712527578511,,0.004820454056698509,0.004820454056812196
19,1116,-0.294,Parallel Displaced Benzene Dimer Interplane 3.4,3,0.005176624666717089,0.005176624666773932,0.005176624666887619,0.006184985470213178,0.006184985470326865,0.006184985470724769,0.0038960085744292883,0.0038960085753956264,0.0038960085743156014,0.003435749264895094,0.0034357492652929977,0.00343574926449719,,0.002947234535952248,0.002947234535838561,,0.0042169946668195735,0.004216994666535356
20,1117,-0.766,Parallel Displaced Benzene Dimer Interplane 3.4,3,0.0042634494172375526,0.00426344941786283,0.004263449417805987,0.00532578894751623,0.0053257889472888564,0.0053257889475730735,0.0030035140663358106,0.003003514066790558,0.0030035140659379067,0.0025496575396459775,0.0025496575403280985,0.0025496575401575683,,0.0020865148388224952,0.0020865148384245913,,0.0033400129502183518,0.0033400129504457254
21,1118,-1.296,Parallel Displaced Benzene Dimer Interplane 3.4,3,0.0032256486733786005,0.00322564867303754,0.003225648673151227,0.00434050766892824,0.004340507669496674,0.00434050766943983,0.0019894899013479517,0.001989489901006891,0.001989489899756336,0.0015409003351010142,0.0015409003348167971,0.0015409003362378826,,0.0011069808740558074,0.00110698087360106,,0.0023389878732018587,0.0023389878729176417
22,1119,-1.8,Parallel Displaced Benzene Dimer Interplane 3.4,3,0.0022130018003849727,0.0022130018003849727,0.0022130018010670938,0.003370721324870374,0.003370721324870374,0.003370721324927217,0.0010017809126452448,0.001001780912133654,0.0010017809120199672,0.0005593073798877413,0.0005593073788645597,0.0005593073800582715,,0.00015436496869369876,0.0001543649709105921,,0.0013605541195147453,0.00136055412042424
23,1120,-2.21,Parallel Displaced Benzene Dimer Interplane 3.4,3,0.0013387849777473093,0.0013387849778041527,0.001338784977974683,0.002524860585310762,0.0025248605847423278,0.0025248605854812922,0.0001545321581488679,0.00015453215809202447,0.00015453215809202447,-0.0002801571355348642,-0.00028015713570539447,-0.0002801571361601418,,-0.0006577376864811413,,,0.0005183144813827312,0.0005183144810416707
24,1121,-2.494,Parallel Displaced Benzene Dimer Interplane 3.4,3,,,0.0006651166671645115,,,0.0018623503892172266,,,-0.0004877121828599229,,,-0.0009132828828342099,,,,,,
25,1122,-2.582,Parallel Displaced Benzene Dimer Interplane 3.4,3,0.0004087546250275409,0.0004087546247433238,0.0004087546256528185,0.0016047023725036524,0.0016047023725036524,0.0016047023727878695,-0.0007259558555006151,-0.0007259558552732415,-0.000725955855216398,-0.0011465592345416553,-0.0011465592352237763,-0.001146559234484812,,-0.0014857790419569028,-0.0014857790439464225,,-0.0003634948124613402,-0.00036349481240449677
26,1123,-2.639,Parallel Displaced Benzene Dimer Interplane 3.4,3,0.00020333487395873817,0.00020333487452717236,0.00020333487441348552,0.00139337596203859,0.0013933759628343978,0.0013933759626638675,-0.0009114241969427894,-0.0009114241967154157,-0.0009114241966585723,-0.0013267194981949615,-0.0013267194984791786,-0.001326719498933926,,-0.0016538194589656996,-0.0016538194585677957,,-0.0005518611789625538,-0.0005518611787351801
27,1124,-2.664,Parallel Displaced Benzene Dimer Interplane 3.4,3,4.425874550406661e-05,4.425874595881396e-05,4.4258746186187636e-05,0.0012238122284884412,0.0012238122287158149,0.001223812228602128,-0.0010486979992947454,-0.0010486979992947454,-0.0010486979991242151,-0.0014582446933673054,-0.001458244693310462,-0.0014582446942768001,,-0.0017736399694285865,-0.0017736399667001024,,-0.0006932789697771113,-0.0006932789698339548
28,1125,-2.666,Parallel Displaced Benzene Dimer Interplane 3.4,3,-7.448969176948594e-05,-7.448969228107671e-05,-7.448969159895569e-05,0.0010901056726879688,0.0010901056726879688,0.0010901056722332214,-0.001144011040537407,-0.0011440110407079374,-0.0011440110412763715,-0.0015471475411459323,-0.0015471475406343416,-0.0015471475408048718,,-0.0018513401535642515,-0.0018513401522568529,,-0.0007938653698147391,-0.0007938653707242338
29,1126,-2.646,Parallel Displaced Benzene Dimer Interplane 3.4,3,-0.00015987123498462097,-0.00015987123413196969,-0.00015987123413196969,0.000985539132386748,0.0009855391318751572,0.0009855391330120256,-0.0012044375646382832,-0.0012044375656614648,-0.0012044375653204042,-0.0016003703972842231,-0.0016003703975115968,-0.0016003703979663442,,-0.0018939053488793434,-0.0018939053474014145,,-0.0008607044109680828,-0.0008607044109112394
30,1127,-2.608,Parallel Displaced Benzene Dimer Interplane 3.4,3,-0.00021919478672316473,-0.00021919478689369498,-0.00021919478689369498,0.0009030770353888329,0.0009030770353319895,0.0009030770355593631,-0.0012376250453485227,-0.0012376250455758964,-0.0012376250459738003,-0.001625443569082563,-0.0016254435700489012,-0.0016254435687415025,,,-0.0019088620407501367,,-0.0009013063029215118,-0.0009013063027509816
31,1128,-2.5,Parallel Displaced Benzene Dimer Interplane 3.4,3,-0.00028863670246437323,-0.0002886367026349035,-0.00028863670246437323,0.0007771896379153986,0.0007771896380290855,0.0007771896381996157,-0.001252141555085018,-0.0012521415546302705,-0.0012521415557102955,-0.0016208621549367308,-0.0016208621555620084,-0.0016208621541977664,,-0.0018855371358768025,-0.0018855371339441263,,-0.0009332484009405562,-0.0009332484006563391
32,1129,-2.375,Parallel Displaced Benzene Dimer Interplane 3.4,3,-0.00033538310805170113,-0.0003353831065169288,-0.00033538310782432745,0.000664106386466301,0.0006641063868073616,0.0006641063866936747,-0.001241362024359205,-0.0012413620244728918,-0.001241362024643422,-0.001587770843286762,-0.00158777084192252,-0.001587770842320424,,-0.0018349753145230352,-0.0018349753163420246,,-0.0009423861166624192,-0.0009423861159802982
33,1130,-2.259,Parallel Displaced Benzene Dimer Interplane 3.4,3,-0.0003983929100854766,-0.00039839290957388585,-0.0003983929097444161,0.0005299082536680544,0.0005299082535543675,0.0005299082536680544,-0.0012444663036035308,-0.0012444663034330006,-0.001244466303489844,-0.0015668868703642147,-0.0015668868709894923,-0.0015668868711031791,,-0.001796557044713154,-0.0017965570436899725,,-0.0009665216689427325,-0.0009665216686585154
34,1131,-2.162,Parallel Displaced Benzene Dimer Interplane 3.4,3,-0.0004991359723476307,-0.0004991359721771005,-0.0004991359718928834,0.00035808272190251955,0.0003580827213909288,0.0003580827214477722,-0.0012826953715716627,-0.0012826953717990364,-0.001282695371344289,-0.0015809147545269298,-0.0015809147539584956,-0.0015809147544700863,,-0.0017917651207994822,-0.0017917651197194573,,-0.0010254566652747599,-0.0010254566647063257
35,1132,-2.092,Parallel Displaced Benzene Dimer Interplane 3.4,3,-0.0006411911902546308,-0.00064119118974304,-0.0006411911901409439,0.00014846464108586588,0.0001484646408584922,0.00014846464108586588,-0.0013604824006847593,-0.0013604824011395067,-0.0013604824011963501,-0.0016347746116025519,-0.0016347746119436124,-0.0016347746113751782,,-0.001825061802549044,-0.0018250618044817202,,-0.0011222446724445945,-0.0011222446712508827
36,1133,-1.318,Parallel Displaced Benzene Dimer Interplane 3.6,10,0.0021760354408115745,0.0021760354400157667,0.002176035440356827,0.0031691544162413265,0.003169154416184483,0.0031691544164687002,0.0012156471706816774,0.001215647170909051,0.0012156471710795813,0.0008029716549913246,0.0008029716522059971,0.0008029716533997089,,0.000487040476969014,0.0004870404764005798,,0.0015124279368023963,0.0015124279368023963
37,1134,-1.486,Parallel Displaced Benzene Dimer Interplane 3.6,10,0.0018289684498995484,0.0018289684489332103,0.00182896844876268,0.0028526678912612624,0.0028526678913749492,0.0028526678916591663,0.0008762367997405818,0.0008762367988879305,0.0008762367987742437,0.0004732954326414074,0.00047329543127716533,0.0004732954309361048,,0.00016549927067899262,0.00016549926840525586,,0.0011853735440467972,0.0011853735433646762
38,1135,-1.732,Parallel Displaced Benzene Dimer Interplane 3.6,10,0.0013257551305514426,0.0013257551305514426,0.0013257551303240689,0.002387222088032104,0.0023872220874636696,0.0023872220881457906,0.0003843002343160151,0.0003843002348276059,0.0003843002344865454,-8.554137593819178e-06,-8.554139071748068e-06,-8.554139355965162e-06,,-0.0003022096171321209,-0.0003022096164499999,,0.0007073220949678216,0.0007073220950815085
39,1136,-2.008,Parallel Displaced Benzene Dimer Interplane 3.6,10,0.0007507195787184173,0.0007507195790026344,0.000750719578945791,0.0018472768451829324,0.0018472768458650535,0.0018472768466608613,-0.00017723054065754695,-0.00017723054116913772,-0.00017723054054386012,-0.0005613360847291915,-0.0005613360848428783,-0.0005613360847860349,,-0.0008374283457897036,-0.0008374283444254615,,0.00015767534665656058,0.00015767534745236844
40,1137,-2.271,Parallel Displaced Benzene Dimer Interplane 3.6,10,0.00018515965263077305,0.00018515965268761647,0.00018515965251708622,0.0013078313966730093,0.001307831396218262,0.001307831396104575,-0.0007269998845913506,-0.0007269998841934466,-0.0007269998849324111,-0.0011033245031626393,-0.0011033245026510485,-0.0011033245018552407,,-0.0013608027099394349,-0.0013608027090299402,,-0.00038376131681161496,-0.00038376131681161496
41,1138,-2.479,Parallel Displaced Benzene Dimer Interplane 3.6,10,-0.00030762695331532086,-0.0003076269537132248,-0.0003076269540542853,0.0008286017813361468,0.0008286017817908942,0.0008286017816203639,-0.0012001949673958734,-0.00120019496733903,-0.0012001949672253431,-0.0015692313509134692,-0.0015692313505155653,-0.0015692313511408429,,,,-0.0008529528281542298,-0.0008529528280973864,-0.0008529528279268561
42,1139,-2.616,Parallel Displaced Benzene Dimer Interplane 3.6,10,-0.0006903678355456577,-0.0006903678362846222,-0.0006903678354888143,0.0004449514549378364,0.0004449514543694022,0.00044495145510836664,-0.0015577660162193752,-0.001557766016048845,-0.0015577660162762186,-0.001919711882521824,-0.001919711884966091,-0.001919711884568187,,-0.0021404028904044026,-0.0021404028892106908,,-0.001211242633985421,-0.001211242633985421
43,1140,-2.654,Parallel Displaced Benzene Dimer Interplane 3.6,10,-0.000836278967369708,-0.0008362789678244553,-0.0008362789673128646,0.00029289419370570613,0.0002928941942741403,0.00029289419410361006,-0.0016886488625118545,-0.0016886488620002638,-0.001688648861886577,-0.0020470160945933458,-0.0020470160935701642,-0.002047016094479659,,-0.0022588039451534314,-0.002258803946176613,,-0.0013443086526194747,-0.0013443086528468484
44,1141,-2.671,Parallel Displaced Benzene Dimer Interplane 3.6,10,-0.0009526806352369022,-0.0009526806354074324,-0.0009526806354074324,0.00016655532351705915,0.00016655532351705915,0.00016655532402864992,-0.0017883927805542044,-0.0017883927804405175,-0.001788392780383674,-0.0021429808844004583,-0.0021429808840025544,-0.0021429808830362163,,-0.0023460913855615217,-0.0023460913853909915,,-0.0014474260652832527,-0.0014474260648853488
45,1142,-2.672,Parallel Displaced Benzene Dimer Interplane 3.6,10,-0.0010416359117471075,-0.0010416359121450114,-0.0010416359111218298,6.391817544226797e-05,6.391817504436403e-05,6.391817498752062e-05,-0.0018591909630458758,-0.0018591909632732495,-0.0018591909632732495,-0.0022096961661191017,-0.0022096961665170056,-0.0022096961657211978,,-0.0024044215200547114,-0.00240442151920206,,-0.001522750587525934,-0.00152275058712803
46,1143,-2.659,Parallel Displaced Benzene Dimer Interplane 3.6,10,-0.0011061151263902502,-0.0011061151265607805,-0.0011061151264470936,-1.7839317422385648e-05,-1.7839317592915904e-05,-1.7839318161350093e-05,-0.0019042276396703528,-0.0019042276401251002,-0.0019042276404093172,-0.0022501692589571576,-0.0022501692588434707,-0.002250169257251855,,-0.002436851398613271,-0.0024368513975900896,,-0.0015733814194049955,-0.0015733814200871166
47,1144,-2.631,Parallel Displaced Benzene Dimer Interplane 3.6,10,-0.0011496864098035076,-0.0011496864103150983,-0.0011496864098035076,-8.20765057483186e-05,-8.207650608937911e-05,-8.207650608937911e-05,-0.0019273020456580525,-0.001927302045316992,-0.0019273020453738354,-0.002268059126265598,-0.0022680591266066585,-0.0022680591267203454,,-0.0024471065908073797,-0.0024471065914326573,,-0.0016030456969815532,-0.0016030456968678664
48,1145,-2.591,Parallel Displaced Benzene Dimer Interplane 3.6,10,-0.0011762349761283986,-0.0011762349756168078,-0.001176234975105217,-0.00013242885432873663,-0.00013242885461295373,-0.0001324288542150498,-0.001932574866827963,-0.0019325748663163722,-0.0019325748664869025,-0.0022674918831739888,-0.0022674918837992664,-0.0022674918831171453,,-0.0024392922554739016,-0.002439292256042336,,-0.0016158127799030808,-0.0016158127802441413
49,1146,-2.488,Parallel Displaced Benzene Dimer Interplane 3.6,10,-0.0011941416709078112,-0.0011941416706235941,-0.0011941416705099073,-0.00020598483069989015,-0.00020598483001776913,-0.0002059848305293599,-0.0019066483766891906,-0.0019066483769734077,-0.0019066483765755038,-0.0022275329142757982,-0.0022275329143326417,-0.0022275329146168588,,-0.0023860390878667204,-0.002386039087127756,,-0.001606994051996935,-0.0016069940512011271
50,1147,-2.37,Parallel Displaced Benzene Dimer Interplane 3.6,10,-0.0011896049541064713,-0.0011896049541064713,-0.0011896049537085673,-0.0002649129402811923,-0.0002649129406790962,-0.00026491294073593963,-0.0018575126534869923,-0.0018575126528617147,-0.001857512653032245,-0.0021615798877974157,-0.00216157988853638,-0.002161579888763754,,-0.0023080034744680233,-0.0023080034757185786,,-0.0015769524582651684,-0.0015769524594588802
51,1148,-2.253,Parallel Displaced Benzene Dimer Interplane 3.6,10,-0.0011859384210879398,-0.0011859384209174095,-0.0011859384213721569,-0.000328682881217901,-0.00032868288161580494,-0.00032868288133158785,-0.0018090099088112765,-0.0018090099089249634,-0.0018090099090954936,-0.0020942523323128626,-0.002094252331858115,-0.0020942523328244533,,-0.00222907553359164,-0.0022290755336484835,,-0.0015483116627024174,-0.0015483116624750437
52,1149,-2.142,Parallel Displaced Benzene Dimer Interplane 3.6,10,-0.0011973317448337184,-0.0011973317446631881,-0.0011973317449474052,-0.0004077982270018765,-0.00040779822745662386,-0.0004077982268881897,-0.001775445523946928,-0.0017754455236058675,-0.0017754455233216504,-0.002040571840097982,-0.002040571839415861,-0.002040571840325356,,-0.0021636765796984037,-0.0021636765800963076,,-0.001534131970913677,-0.0015341319700610256
53,1150,-2.046,Parallel Displaced Benzene Dimer Interplane 3.6,10,-0.0012282941503940492,-0.001228294150223519,-0.0012282941506214229,-0.0005040021729314503,-0.0005040021732725108,-0.0005040021736704148,-0.0017616685793768738,-0.0017616685796042475,-0.0017616685797747778,-0.002005755277366461,-0.002005755277082244,-0.0020057552768548703,,-0.002116789991873702,-0.002116789991305268,,-0.001538249058000929,-0.0015382490577735553
54,1151,3.459,Sandwich Benzene Dimer,1,0.013489563861071474,0.013489563860218823,0.013489563859650389,0.014401454906646904,0.014401454906590061,0.014401454906021627,0.011605918263455806,0.01160591826368318,0.011605918263398962,0.011188555265050582,0.011188555265334799,0.011188555264595834,,0.01029018388521763,0.01029018388555869,,0.011927745692844383,0.01192774569329913
55,1152,1.484,Sandwich Benzene Dimer,1,0.00914560420176258,0.00914560420108046,0.009145604201705737,0.010073155245493126,0.010073155245038379,0.010073155245208909,0.007596908515836276,0.007596908516347867,0.007596908515722589,0.007131517935761167,0.007131517935135889,0.007131517936784348,,0.006460671607385393,0.006460671608124358,,0.007905554396529624,0.007905554396245407
56,1153,0.149,Sandwich Benzene Dimer,1,0.0060346821290409025,0.006034682128756685,0.006034682129097746,0.006983813044826093,0.006983813044769249,0.006983813044087128,0.004736195541909183,0.004736195543046051,0.00473619554236393,0.004263755131091784,0.0042637551295001686,0.004263755132399183,,0.0037553112054524718,0.0037553112048840376,,0.005036090263160986,0.005036090262592552
57,1154,-0.721,Sandwich Benzene Dimer,1,0.003834480390423778,0.0038344803906511515,0.0038344803905374647,0.004803575147207084,0.004803575147093397,0.004803575147604988,0.002724902782119898,0.0027249027821767413,0.0027249027821767413,0.0022722907798424785,0.0022722907791603575,0.002272290779899322,,0.0018769054622680414,0.0018769054627796322,,0.003019453269416772,0.003019453269303085
58,1155,-1.256,Sandwich Benzene Dimer,1,0.0023003669930403703,0.002300366992983527,0.0023003669930972137,0.003281464979863813,0.0032814649806027774,0.003281464980432247,0.0013372755565796979,0.0013372755566933847,0.0013372755572049755,0.0009202329457025371,0.0009202329458730674,0.0009202329464415016,,0.0006021607673574181,0.000602160767755322,,0.001628890427582519,0.0016288904280941097
59,1156,-1.556,Sandwich Benzene Dimer,1,0.0012484273808013313,0.0012484273805171142,0.0012484273807444879,0.002228843128364133,0.002228843129330471,0.002228843129046254,0.0004037113297385986,0.00040371133019334593,0.00040371133030703277,2.951410658624809e-05,2.951410652940467e-05,2.951410607465732e-05,,-0.00023578234748811155,-0.00023578234834076284,,0.000693812036502095,0.0006938120368999989
60,1157,-1.693,Sandwich Benzene Dimer,1,0.0005418651806508024,0.0005418651801392116,0.0005418651806508024,0.001506218840290785,0.0015062188398360377,0.0015062188404044718,-0.00020252882012528062,-0.00020252881995475036,-0.0002025288200684372,-0.0005325942482841128,-0.0005325942507852233,-0.0005325942505578496,,,-0.0007609681842950522,,8.662567324790871e-05,8.662567313422187e-05
61,1158,-1.719,Sandwich Benzene Dimer,1,8.00357483967673e-05,8.003574833992388e-05,8.003574799886337e-05,0.0010124628381618095,0.0010124628379344358,0.001012462837422845,-0.0005755573030228334,-0.000575557303648111,-0.000575557303648111,-0.0008641856950362126,-0.0008641856960025507,-0.0008641856941267179,,-0.0010650467499431215,-0.0010650467498294347,,-0.00028753092652777923,-0.00028753092652777923
62,1159,-1.672,Sandwich Benzene Dimer,1,-0.00021026127171808184,-0.0002102612712633345,-0.0002102612706949003,0.0006758066973588939,0.0006758066974725807,0.0006758066969609899,-0.0007848368439340447,-0.0007848368443887921,-0.0007848368450140697,-0.0010368983303692403,-0.0010368983288913114,-0.0010368983286639377,,-0.0012154219994613413,-0.001215422002530886,,-0.0004987473450341895,-0.00049874734537525
63,1160,-1.582,Sandwich Benzene Dimer,1,-0.00038169491972439573,-0.0003816949189854313,-0.0003816949189854313,0.00044641145581181263,0.0004464114554139087,0.0004464114556981258,-0.0008813061737100725,-0.0008813061745627238,-0.0008813061742216632,,-0.0011025644840287896,-0.0011025644832329817,,-0.0012613088749731105,-0.0012613088761668223,,-0.0005984430003991292,-0.0005984430008538766
64,1161,-1.464,Sandwich Benzene Dimer,1,-0.00047189639059297406,-0.0004718963900813833,-0.00047189638968347936,0.0002903067987176655,0.00029030679883135235,0.00029030679888819577,-0.0009020438989182367,-0.0009020438985771762,-0.0009020438988613932,-0.0010980501405697396,-0.0010980501398307752,-0.0010980501405128962,,-0.0012383972559746326,-0.0012383972565430668,,-0.0006240524731992991,-0.0006240524735403596
65,1162,-1.072,Sandwich Benzene Dimer,1,-0.00048425059236478774,-0.0004842505928195351,-0.00048425059236478774,6.871465268432075e-05,6.871465291169443e-05,6.871465274116417e-05,-0.000740709207150303,-0.0007407092068092425,-0.0007407092069797727,-0.0008857420997969712,-0.0008857421001380317,-0.0008857420998538146,,-0.000977087422427303,-0.000977087423109424,,-0.0004890449680488018,-0.0004890449687877663
66,1163,-0.55,Sandwich Benzene Dimer,1,-0.00026228612421164144,-0.0002622861250074493,-0.0002622861243821717,2.7211574035845842e-05,2.721157414953268e-05,2.7211573865315586e-05,-0.00034908917837128683,-0.00034908917871234735,-0.00034908917865550393,-0.0004463673291752457,-0.0004463673292320891,-0.0004463673295163062,,-0.0004818260310912592,-0.0004818260304091382,,-0.00017199904289100232,-0.0001719990425499418
67,1164,-0.252,Sandwich Benzene Dimer,1,-7.793109955400723e-05,-7.79310994403204e-05,-7.793109972453749e-05,7.348275403273874e-05,7.348275403273874e-05,7.348275352114797e-05,-0.00010182021560467547,-0.00010182021611626624,-0.00010182021605942282,-0.00016838870413948825,-0.00016838870362789748,-0.00016838870448054877,,-0.00017667464447868042,-0.00017667464283022127,,1.8388939224678325e-06,1.8388936382507381e-06
68,1165,-0.101,Sandwich Benzene Dimer,1,2.257128386418117e-05,2.2571284091554844e-05,2.2571283693650912e-05,0.00010218247928150959,0.00010218247928150959,0.00010218247984994377,1.7346356969483168e-05,1.7346357935821288e-05,1.7346357196856843e-05,-2.65136796429033e-05,-2.6513679358686204e-05,-2.651367901762569e-05,,-2.6561507070255175e-05,-2.656150627444731e-05,,7.457459548732004e-05,7.457459548732004e-05
69,1166,-0.029,Sandwich Benzene Dimer,1,6.524659710294145e-05,6.524659710294145e-05,6.524659681872436e-05,0.00010616208277269834,0.0001061620835685062,0.00010616208390956672,6.623939219707609e-05,6.623939219707609e-05,6.623939179917215e-05,3.7954907895709766e-05,3.795490766833609e-05,3.7954907384118997e-05,,3.8873456048804655e-05,3.8873457583576965e-05,,9.82903502517729e-05,9.829034974018214e-05
70,1167,0.018,Sandwich Benzene Dimer,1,3.673105567258972e-05,3.673105567258972e-05,3.6731055786276556e-05,3.398928481601615e-05,3.398928475917273e-05,3.398928453179906e-05,3.8904776602066704e-05,3.890477614731935e-05,3.890477671575354e-05,3.576081263645392e-05,3.5760812920671015e-05,3.576081252276708e-05,3.6324124607745034e-05,3.6324124494058196e-05,3.6324125119335804e-05,,3.952975447418794e-05,3.952975441734452e-05
71,1168,2.631,T-shaped Benzene Dimer,2,0.011487629195869431,0.01148762919552837,0.011487629195869431,0.012081173653484711,0.012081173653598398,0.012081173653200494,0.008477322864109738,0.008477322864450798,0.008477322864507641,0.009344813121799689,0.009344813122424966,0.009344813121856532,,0.007575545470103862,0.007575545468171185,,0.008598938420277591,0.008598938419879687
72,1169,1.533,T-shaped Benzene Dimer,2,0.009209059690761023,0.009209059690988397,0.00920905969019259,0.009792144657467361,0.009792144657183144,0.009792144656898927,0.006436688981636962,0.006436688982375927,0.006436688982375927,0.00717303555518356,0.007173035555581464,0.007173035554671969,,0.005579263068852924,0.005579263067829743,,0.006554861850474936,0.006554861850077032
73,1170,0.616,T-shaped Benzene Dimer,2,0.007249976863135998,0.007249976863704433,0.0072499768627380945,0.00782272993086508,0.007822729930921923,0.007822729931490358,0.004704288454377092,0.004704288454888683,0.0047042884550592134,0.005320284817230458,0.0053202848164346506,0.005320284817287302,,0.00388890904633854,0.0038889090472480348,,0.004819647568922392,0.0048196475690360785
74,1171,-0.77,T-shaped Benzene Dimer,2,0.004139993776959727,0.00413999377684604,0.004139993776959727,0.004691982083159019,0.004691982083102175,0.0046919820832727055,0.0020122479031101648,0.002012247902314357,0.002012247903394382,0.002418715362352941,0.002418715363148749,0.0024187153628076885,,0.001274845931220625,0.0012748459300837567,,0.00212365795016467,0.002123657949596236
75,1172,-1.682,T-shaped Benzene Dimer,2,0.0018972751730075288,0.001897275173575963,0.0018972751734622761,0.0024280491244326186,0.0024280491245463054,0.0024280491244326186,0.000137333663303707,0.00013733366336055042,0.00013733366319002016,0.00037422649523932705,0.00037422649580776124,0.00037422649609197833,,-0.0005288394972922106,-0.0005288394983722355,,0.0002465201135919415,0.0002465201139898454
76,1173,-2.246,T-shaped Benzene Dimer,2,0.0003165443155808134,0.00031654431597871735,0.00031654431597871735,0.0008256543318339027,0.0008256543316633724,0.0008256543318907461,-0.0011278654964712587,-0.001127865495561764,-0.0011278654963575718,-0.0010228675910184393,-0.001022867591927934,-0.001022867590847909,,-0.0017280234227428082,-0.001728023423538616,,-0.0010198232950529018,-0.0010198232955644926
77,1174,-2.559,T-shaped Benzene Dimer,2,-0.0007637277113303753,-0.000763727710875628,-0.0007637277101935069,-0.000276531358849752,-0.00027653135873606516,-0.000276531358849752,-0.0019443368931320038,-0.0019443368930751603,-0.0019443368938709682,-0.0019369512874050088,-0.0019369512876892259,-0.0019369512877460693,,,-0.0024825694460446357,,-0.0018369806614373374,-0.0018369806610962769
78,1175,-2.693,T-shaped Benzene Dimer,2,-0.0014703507056879062,-0.0014703507063700272,-0.0014703507059721233,-0.0010050944804902429,-0.0010050944797512784,-0.0010050944795239047,-0.002435467631244137,-0.0024354676315851975,-0.0024354676319831015,-0.0024960038403492035,-0.0024960038415429153,-0.0024960038398376128,,-0.002915271449978718,-0.002915271450660839,,-0.0023288677004984493,-0.0023288677001573888
79,1176,-2.702,T-shaped Benzene Dimer,2,-0.0019024074995286355,-0.001902407499187575,-0.0019024074993012619,-0.0014589769012332,-0.0014589769011763565,-0.0014589769012900433,-0.002694674427004884,-0.0026946744269480405,-0.002694674426720667,-0.002798876908002512,-0.002798876908002512,-0.0027988769086846332,,-0.003119475919049819,-0.0031194759179129505,,-0.00258927019552857,-0.0025892701951306663
80,1177,-2.629,T-shaped Benzene Dimer,2,-0.0021366616132354466,-0.0021366616132354466,-0.0021366616133491334,-0.0017149000033782613,-0.0017149000024119232,-0.0017149000024119232,,-0.002791877647950969,-0.002791877647439378,,-0.0029211722557533903,-0.0029211722555260167,,-0.0031653522526085,-0.0031653522510737275,,-0.0026882634603566657,-0.002688263459845075
81,1178,-2.504,T-shaped Benzene Dimer,2,-0.0022318391153817174,-0.002231839115893308,-0.0022318391156659345,-0.0018316185054914058,-0.0018316185058893097,-0.001831618505775623,-0.002778772250678685,-0.002778772249882877,-0.002778772250167094,-0.0029198305902014,-0.0029198305894624355,-0.002919830589405592,,-0.0031050018174596516,-0.003105001818312303,,-0.00267755145563342,-0.00267755145563342
82,1179,-2.349,T-shaped Benzene Dimer,2,-0.002232141714159752,-0.0022321417132502575,-0.002232141713591318,-0.0018534075721277077,-0.0018534075724119248,-0.0018534075720140208,-0.0026931302487014364,-0.0026931302487014364,-0.0026931302480761588,-0.0028370866359068714,-0.0028370866356226543,-0.002837086635452124,,-0.0029765665919399,-0.002976566591541996,,-0.002594810289792804,-0.0025948102899064907
83,1180,-2.18,T-shaped Benzene Dimer,2,-0.002170209460246042,-0.0021702094599049815,-0.0021702094599049815,-0.0018129613345081452,-0.0018129613344513018,-0.0018129613344513018,-0.0025622173255896996,-0.0025622173254191694,-0.0025622173246233615,-0.002703614979395752,-0.0027036149797368125,-0.002703614979509439,,-0.0028075221975427667,-0.0028075221980543574,,-0.002467160975186289,-0.0024671609747315415
84,1181,-2.006,T-shaped Benzene Dimer,2,-0.002069653643843594,-0.0020696536435025337,-0.002069653643957281,-0.0017338807511464438,-0.0017338807512601306,-0.0017338807506916964,-0.0024054422109998086,-0.002405442211340869,-0.0024054422115113994,-0.0025412201664494205,-0.002541220167074698,-0.002541220165426239,,-0.002617306230547456,-0.0026173062314569506,,-0.0023138757471770077,-0.0023138757463243564
85,1182,-1.834,T-shaped Benzene Dimer,2,-0.0019471796822472243,-0.0019471796823040677,-0.0019471796819630072,-0.0016327717699482491,-0.0016327717699482491,-0.0016327717699482491,-0.0022363904048461336,-0.0022363904051303507,-0.0022363904051303507,-0.002365018614455039,-0.00236501861530769,-0.002365018614455039,,-0.0024193282656028714,-0.002419328266626053,,-0.0021484648742102763,-0.0021484648740965895
86,1183,-1.243,T-shaped Benzene Dimer,2,-0.0014187281752242598,-0.0014187281753379466,-0.001418728174712669,-0.001184464394555107,-0.0011844643944414202,-0.0011844643947824807,,-0.0015829096846005086,-0.0015829096846005086,,-0.0016792087754424756,-0.0016792087753856322,,-0.001686585442712385,-0.0016865854439060968,,-0.0015100384473498707,-0.0015100384474067141
87,1184,-0.753,T-shaped Benzene Dimer,2,-0.0009053938821921292,-0.0009053938819647556,-0.0009053938816805385,-0.0007473784527860516,-0.0007473784535250161,-0.0007473784530702687,-0.000990876340779323,-0.0009908763403814191,-0.0009908763402677323,-0.0010480875398570788,-0.001048087538947584,-0.0010480875385496802,,-0.0010437449092819406,-0.0010437449095093143,,-0.0009368059112944138,-0.0009368059113512572
88,1185,-0.468,T-shaped Benzene Dimer,2,-0.0005821686551144012,-0.0005821686550575578,-0.0005821686547164973,-0.0004756879098408717,-0.0004756879100682454,-0.0004756879093861244,-0.0006304318159209288,-0.0006304318158640854,-0.0006304318160346156,-0.0006607342166944363,-0.0006607342161260021,-0.0006607342161260021,,-0.0006580211827440507,-0.0006580211821187731,,-0.0005925743624288771,-0.00059257436214466
89,1186,-0.302,T-shaped Benzene Dimer,2,-0.00038479700856441923,-0.0003847970087349495,-0.00038479700890547974,-0.00031292852719388975,-0.0003129285276486371,-0.00031292852753495026,-0.0004143177407058829,-0.0004143177407058829,-0.0004143177407627263,-0.00042991105988221534,-0.00042991105868850354,-0.0004299110586316601,,,-0.00042891275262491035,,-0.0003880225459624853,-0.000388022546189859
90,1187,-0.203,T-shaped Benzene Dimer,2,-0.00026235859382950366,-0.0002623585939431905,-0.0002623585939431905,-0.00021320067816077426,-0.00021320067821761768,-0.00021320067787655717,-0.0002814840026985621,-0.00028148400315330946,-0.00028148400252803185,-0.000289824623507684,-0.0002898246238487445,-0.00028982462362137085,,,-0.00028923803580482854,,-0.0002630634718343572,-0.00026306347177751377
91,1188,2.386,Benzene-H2S,4,0.011895643494426622,0.011895643493744501,0.011895643494085562,0.012578608861758767,0.012578608861758767,0.0125786088623272,0.008735498820101384,0.008735498819760323,0.00873549881919189,0.009364800112962257,0.00936480011250751,0.009364800112734883,0.0074803608135880495,0.007480360813133302,0.007480360813474363,0.008902262524088655,0.008902262524202342,0.008902262523974969
92,1189,1.246,Benzene-H2S,4,0.009413449826070064,0.009413449825956377,0.009413449826297438,0.010062408552926172,0.01006240855338092,0.010062408553267232,0.006563352263810884,0.006563352263810884,0.006563352263810884,0.00704710694071764,0.007047106940831327,0.007047106940035519,0.005370627263118877,0.0053706272632325636,0.005370627262891503,0.006720902737242795,0.006720902736788048,0.006720902737242795
93,1190,-0.458,Benzene-H2S,4,0.005508136608000314,0.005508136608000314,0.005508136608114,0.006102722524815363,0.006102722524360615,0.0061027225242469285,0.003209050397686042,0.003209050397686042,0.003209050397686042,0.0034539602310132977,0.0034539602304448636,0.0034539602303311767,0.002137256024866474,0.0021372560253212214,0.0021372560250938477,0.0033524416268164714,0.0033524416267027846,0.003352441627043845
94,1191,-1.57,Benzene-H2S,4,0.00272334190390211,0.0027233419035610495,0.002723341904015797,0.003276530911421105,0.0032765309117621655,0.003276530910738984,0.0008840075561238336,0.0008840075555553994,0.0008840075561238336,0.0009526766683620735,0.0009526766690441946,0.0009526766685894472,-7.220231395876908e-05,-7.220231179871917e-05,-7.220231361770857e-05,0.0010175239025329574,0.0010175239025329574,0.0010175239023055838
95,1192,-2.254,Benzene-H2S,4,0.00077930839529472,0.0007793083943852253,0.0007793083949536594,0.001299393004273952,0.0012993930045013258,0.0012993930046150126,-0.0006865530500590467,-0.0006865530489221783,-0.0006865530497179861,-0.0007409356420566837,-0.0007409356413745627,-0.0007409356412608759,-0.001533067622631279,-0.0015330676224039053,-0.0015330676227449658,-0.0005600098413651722,-0.0005600098409104248,-0.0005600098410241117
96,1193,-2.635,Benzene-H2S,4,-0.0005401086688152645,-0.0005401086688152645,-0.0005401086685878909,-4.81496696238537e-05,-4.81496696238537e-05,-4.8149669282793184e-05,-0.0017095738737680222,-0.0017095738735406485,-0.0017095738737680222,-0.0018439905329614703,-0.0018439905326204098,-0.0018439905334162177,-0.002453120097698047,-0.002453120096333805,-0.0024531200972433,-0.001588186981052786,-0.001588186981052786,-0.0015881869809390992
97,1194,-2.805,Benzene-H2S,4,-0.0014014810736853178,-0.0014014810732305705,-0.0014014810737990047,-0.0009349404158456309,-0.0009349404152771967,-0.0009349404156182572,-0.0023396725384827732,-0.0023396725375732785,-0.0023396725383690864,-0.002521268364489515,-0.0025212683649442624,-0.0025212683650579493,-0.002987951325053473,-0.002987951324143978,-0.0029879513251671597,-0.0022224067560046024,-0.002222406755663542,-0.0022224067565730365
98,1195,-2.831,Benzene-H2S,4,-0.001932325679376845,-0.0019323256792631582,-0.001932325678694724,-0.0014899452567078697,-0.0014899452570489302,-0.0014899452565941829,-0.002691504782433185,-0.002691504782319498,-0.002691504782546872,-0.0028967395803647378,-0.002896739581046859,-0.0028967395812742325,-0.003253053711659959,-0.0032530537107504642,-0.003253053712455767,-0.0025778498634281277,-0.0025778498637691882,-0.0025778498636555014
99,1196,-2.763,Benzene-H2S,4,-0.002229207493201102,-0.0022292074935421624,-0.0022292074941105966,-0.0018105352016846155,-0.0018105352016846155,-0.0018105352016846155,-0.0028494811622294947,-0.002849481162002121,-0.0028494811615473736,-0.003062638382289151,-0.003062638381834404,-0.003062638381038596,-0.003333340916697125,-0.003333340916015004,-0.0033333409165834382,-0.0027392541162498674,-0.0027392541169319884,-0.0027392541175004226
100,1197,-2.636,Benzene-H2S,4,-0.002364206190236473,-0.002364206190122786,-0.002364206190236473,-0.0019691222994424606,-0.001969122299215087,-0.0019691222995561475,-0.002875287309734631,-0.0028752873093935705,-0.0028752873099620047,-0.0030866575136769825,-0.0030866575124264273,-0.0030866575129948615,-0.003290629346793139,-0.003290629346111018,-0.0032906293458836444,-0.002768495393183912,-0.002768495393183912,-0.0027684953934112855
101,1198,-2.476,Benzene-H2S,4,-0.002390220543588839,-0.002390220543702526,-0.0023902205438162127,-0.0020186139690849814,-0.002018613968630234,-0.0020186139681754867,-0.002813647871221292,-0.002813647870652858,-0.0028136478707665447,-0.00301773178921394,-0.00301773178921394,-0.0030177317889865662,-0.0031693801180381342,-0.0031693801184928816,-0.0031693801176970737,-0.0027104070471750674,-0.0027104070470613806,-0.0027104070463792596
102,1199,-2.299,Benzene-H2S,4,-0.0023453524132719394,-0.0023453524133856263,-0.002345352413613,-0.0019969363022482867,-0.0019969363021346,-0.0019969363021346,-0.002696692684367008,-0.002696692684253321,-0.0026966926839122607,-0.0028906264059287423,-0.0028906264070656107,-0.002890626406838237,-0.0030011265006351096,-0.0030011265006351096,-0.003001126500294049,-0.002597185708964389,-0.002597185708282268,-0.0025971857086233285
103,1200,-1.768,Benzene-H2S,4,-0.0020152828279833557,-0.002015282827869669,-0.00201528282855179,-0.0017322608922540894,-0.001732260892481463,-0.001732260892481463,-0.0022099219034998896,-0.0022099219030451422,-0.0022099219028177686,-0.0023677252570450946,-0.002367725256704034,-0.002367725256704034,-0.0024014903025317835,-0.0024014903025317835,-0.002401490302077036,-0.002122970903087662,-0.002122970902519228,-0.002122970902291854
104,1201,-1.39,Benzene-H2S,4,-0.001689548837930488,-0.0016895488387262958,-0.0016895488380441748,-0.0014535307109326823,-0.0014535307108189954,-0.0014535307107053086,-0.0017990775033922546,-0.0017990775025964467,-0.001799077503164881,-0.0019255647689533362,-0.0019255647698628309,-0.0019255647689533362,-0.0019295760897648506,-0.0019295760877184875,-0.0019295760879458612,-0.0017239021352679629,-0.0017239021350405892,-0.0017239021348132155
105,1202,-1.089,Benzene-H2S,4,-0.0013944574050128722,-0.0013944574053539327,-0.001394457405126559,-0.0011977653459780413,-0.001197765346205415,-0.001197765346205415,-0.0014486557911368436,-0.0014486557906820963,-0.0014486557911368436,-0.0015456316924655766,-0.0015456316923518898,-0.0015456316930340108,-0.001536105643594965,-0.0015361056424580966,-0.0015361056443907728,-0.0013854189545554618,-0.0013854189542144013,-0.0013854189546691487
106,1203,-0.857,Benzene-H2S,4,-0.0011467830112223965,-0.0011467830113360833,-0.0011467830112223965,-0.0009825332925856856,-0.0009825332931541197,-0.000982533293040433,-0.0011673501182940527,-0.0011673501181803658,-0.0011673501182940527,-0.001238796261304742,-0.001238796263464792,-0.0012387962618731763,-0.0012237292988857007,-0.0012237292984309533,-0.0012237292992267612,-0.0011150168319318254,-0.001115016832272886,-0.001115016832272886
107,1204,-0.68,Benzene-H2S,4,-0.0009455096567307919,-0.0009455096571855393,-0.0009455096575265998,-0.0008080407369561726,-0.0008080407369561726,-0.0008080407366151121,-0.0009468196897159942,-0.000946819689829681,-0.0009468196894886205,-0.0009977018372637758,-0.0009977018369227153,-0.000997701837150089,-0.0009808952576122465,-0.0009808952573848728,-0.0009808952570438123,-0.0009036414123784198,-0.0009036414126057934,-0.0009036414109004909
108,1205,-0.442,Benzene-H2S,4,-0.0006547467032760323,-0.0006547467030486587,-0.0006547467031623455,-0.0005579286635111202,-0.0005579286637384939,-0.0005579286640795544,-0.0006403011728934871,-0.0006403011733482344,-0.0006403011727798003,-0.0006641560388516154,-0.0006641560382831813,-0.0006641560379421207,-0.0006481037961520997,-0.0006481037971752812,-0.000648103796606847,-0.0006103192886257602,-0.0006103192882846997,-0.0006103192885120734
109,1206,-0.3,Benzene-H2S,4,-0.00046680986997671425,-0.0004668098698630274,-0.00046680986997671425,-0.00039800318631932896,-0.00039800318597826845,-0.0003980031862056421,-0.00044942849808649044,-0.0004494284988822983,-0.0004494284986549246,-0.0004596525477609248,-0.0004596525475335511,-0.0004596525477609248,-0.00044580685528217145,-0.0004458068550547978,-0.0004458068553958583,-0.0004280566543002351,-0.0004280566546412956,-0.00042805665361811407
110,1207,-0.212,Benzene-H2S,4,-0.00034191178542641865,-0.000341911785881166,-0.00034191178542641865,-0.0002922713704265334,-0.0002922713701991597,-0.00029227136997178604,-0.00032565910703397094,-0.00032565910669291043,-0.0003256591072613446,-0.00032929176222751266,-0.00032929176245488634,-0.0003292917617727653,-0.00031789621459665796,-0.00031789621482403163,-0.00031789621402822377,-0.0003102326851376347,-0.0003102326845692005,-0.00031023268422814
111,1208,-0.154,Benzene-H2S,4,-0.00025631033372519596,-0.00025631033372519596,-0.00025631033429363015,-0.000219773696358061,-0.00021977369590331364,-0.00021977369647174783,-0.00024218924102115125,-0.0002421892405664039,-0.00024218924113483808,-0.00024262011982045806,-0.00024262012095732644,-0.00024262012038889225,-0.00023355558744242444,-0.00023355558755611128,-0.0002335555869876771,-0.0002309382131215898,-0.00023093821334896347,-0.00023093821323527663
112,1209,1.281,Benzene-Methane,5,0.006775147530390768,0.006775147530504455,0.006775147530390768,0.007090002441088927,0.007090002440918397,0.0070900024405773365,0.004652104209128538,0.004652104209526442,0.004652104209355912,0.005118209609520363,0.0051182096094066765,0.005118209609520363,0.003965286932100298,0.0039652869325550455,0.003965286932668732,0.004680067299602797,0.004680067299887014,0.0046800673003417614
113,1210,0.685,Benzene-Methane,5,0.0054693745125860005,0.005469374513211278,0.005469374512813374,0.005785398595548941,0.005785398595435254,0.005785398595548941,0.003529407442044885,0.0035294074418175114,0.003529407442442789,0.0039010813583217896,0.0039010813586060067,0.0039010813588333804,0.002874621943760758,0.0028746219443860355,0.002874621943647071,0.00356017037302081,0.0035601703729639667,0.0035601703729071232
114,1211,-0.213,Benzene-Methane,5,0.003395427945463325,0.0033954279453496383,0.0033954279451222646,0.0037127431995145344,0.0037127431997987514,0.0037127431994008475,0.0017849453208782506,0.001784945321048781,0.001784945321048781,0.001998489306515694,0.0019984893076525623,0.0019984893069704412,0.001191308834904703,0.0011913088354731372,0.0011913088347910161,0.0018211007380841693,0.0018211007382546995,0.0018211007387094469
115,1212,-0.804,Benzene-Methane,5,0.001898240256025474,0.0018982402565939083,0.001898240256707595,0.002214833159769114,0.0022148331601101745,0.002214833159769114,0.0005676498308275768,0.0005676498308844202,0.0005676498307707334,0.0006611581500806096,0.0006611581495121754,0.000661158150535357,3.171994370632092e-05,3.171994427475511e-05,3.171994529793665e-05,0.0006086070731612381,0.0006086070731612381,0.0006086070729907078
116,1213,-1.171,Benzene-Methane,5,0.000840093220460858,0.0008400932202334843,0.0008400932204040146,0.001153463356388329,0.001153463356672546,0.0011534633565588592,-0.00025817586987386676,-0.0002581758699307102,-0.00025817587038545753,-0.00025130258450190013,-0.0002513025844450567,-0.00025130258461558697,-0.0007395293671947911,-0.0007395293670811043,-0.0007395293678200687,-0.0002132142806203774,-0.00021321428079090765,-0.0002132142806203774
117,1214,-1.376,Benzene-Methane,5,0.00011199137117046121,0.00011199137111361779,0.00011199137122730463,0.0004194123113165915,0.00041941231177133886,0.000419412311657652,-0.0007969093413748851,-0.0007969093413748851,-0.0007969093412043549,-0.0008489340203823303,-0.0008489340208370777,-0.000848934021007608,-0.001226802366204538,-0.001226802366204538,-0.0012268023667161287,-0.0007488188041406829,-0.0007488188043680566,-0.0007488188043680566
118,1215,-1.468,Benzene-Methane,5,-0.00037165102310154907,-0.0003716510232152359,-0.00037165102338576617,-7.289665347798291e-05,-7.28966531369224e-05,-7.289665296639214e-05,-0.0011279730891828876,-0.0011279730894102613,-0.0011279730895807916,-0.0012171455520615382,-0.0012171455527436592,-0.0012171455525162855,-0.0015097221851760878,-0.001509722185346618,-0.001509722185346618,-0.001077594317337116,-0.001077594317052899,-0.001077594317337116
119,1216,-1.481,Benzene-Methane,5,-0.0006772842648388178,-0.0006772842652935651,-0.0006772842652367217,-0.0003897108087471679,-0.0003897108090882284,-0.0003897108087471679,-0.0013111686220668162,-0.0013111686222373464,-0.0013111686223510333,-0.0014214081879231344,-0.001421408188548412,-0.0014214081877526041,-0.0016483733431300607,-0.0016483733438121817,-0.001648373342504783,-0.001259252751594886,-0.0012592527524475372,-0.0012592527519927899
120,1217,-1.443,Benzene-Methane,5,-0.0008557810213005723,-0.0008557810214711026,-0.0008557810214711026,-0.0005815468263676848,-0.0005815468263108414,-0.0005815468264245283,-0.001391052588758157,-0.0013910525886444702,-0.0013910525886444702,-0.0015111892482764233,-0.0015111892477648325,-0.0015111892481627365,-0.0016875981293082987,-0.001687598130445167,-0.0016875981299904197,-0.0013382432429125402,-0.0013382432426851665,-0.0013382432425714796
121,1218,-1.373,Benzene-Methane,5,-0.0009454551257590538,-0.0009454551255885235,-0.0009454551254748367,-0.0006862603763124753,-0.0006862603759714148,-0.0006862603759714148,-0.0014004794781499186,-0.0014004794785478225,-0.0014004794787751962,-0.0015232417497941242,-0.0015232417499646544,-0.001523241750305715,-0.001660414044636127,-0.0016604140434424153,-0.001660414042873981,-0.0013473318222168018,-0.0013473318219894281,-0.0013473318222736452
122,1219,-1.283,Benzene-Methane,5,-0.0009746547916051895,-0.0009746547914346593,-0.0009746547912072856,-0.0007316972962598811,-0.0007316972967146285,-0.0007316972964304114,-0.001363429215132328,-0.0013634292149617977,-0.0013634292146207372,-0.0014843920943690136,-0.0014843920945963873,-0.0014843920938574229,-0.0015908343306136885,-0.0015908343315800266,-0.0015908343301020977,-0.0013104220507216269,-0.0013104220506647835,-0.00131042205060794
123,1220,-1.185,Benzene-Methane,5,-0.0009639753095029846,-0.0009639753097303583,-0.000963975309559828,-0.000737943421881937,-0.000737943421881937,-0.0007379434213703462,-0.001297202701380229,-0.0012972027016076026,-0.0012972027017212895,-0.0014138688345042283,-0.001413868833935794,-0.0014138688342200112,-0.0014960613352741348,-0.0014960613360130992,-0.0014960613341372664,-0.0012447726763298306,-0.0012447726761593003,-0.001244772676102457
124,1221,-0.985,Benzene-Methane,5,-0.0008772974307476034,-0.0008772974305202297,-0.0008772974306907599,-0.0006853477433992339,-0.0006853477433992339,-0.0006853477431150168,-0.001122857807786204,-0.0011228578068767092,-0.0011228578072746132,-0.00122763022483241,-0.0012276302243776627,-0.0012276302244913495,-0.0012755013713103835,-0.0012755013701735152,-0.0012755013715377572,-0.0010727945995085975,-0.0010727945996791277,-0.0010727945992812238
125,1222,-0.801,Benzene-Methane,5,-0.0007567692521206482,-0.0007567692518364311,-0.0007567692517227442,-0.0005968741294282154,-0.0005968741290871549,-0.0005968741292008417,-0.0009374575042784272,-0.0009374575044489575,-0.0009374575047331746,-0.0010288768722830355,-0.0010288768729651565,-0.0010288768722830355,-0.001055766129411495,-0.0010557661296388687,-0.0010557661301504595,-0.0008912202273450021,-0.0008912202272313152,-0.0008912202268902547
126,1223,-0.645,Benzene-Methane,5,-0.0006348596573388932,-0.0006348596572252063,-0.0006348596571683629,-0.0005033285888771388,-0.0005033285887066086,-0.000503328588763452,-0.0007677340003624522,-0.0007677340004192956,-0.0007677340005898259,-0.0008455861467950854,-0.000845586147420363,-0.0008455861471361459,-0.0008602434826343597,-0.0008602434826912031,-0.0008602434822932992,-0.0007264206084869329,-0.0007264206086574632,-0.0007264206090553671
127,1224,-0.517,Benzene-Methane,5,-0.0005247184919312531,-0.0005247184919880965,-0.0005247184917038794,-0.0004173209103441877,-0.0004173209099462838,-0.0004173209099462838,-0.0006230171452443756,-0.0006230171455854361,-0.0006230171458128098,-0.0006877651532022355,-0.0006877651530317053,-0.0006877651531453921,-0.0006956524347287996,-0.0006956524349561732,-0.0006956524341603654,-0.0005871697436532486,-0.0005871697442785262,-0.0005871697439374657
128,1225,-0.414,Benzene-Methane,5,-0.00043042494104383877,-0.0004304249411575256,-0.0004304249414985861,-0.0003430795558188038,-0.0003430795558188038,-0.00034307955542089985,-0.0005041517965764797,-0.0005041517967470099,-0.0005041517967470099,-0.000556866838167025,-0.0005568668382238684,-0.0005568668382238684,-0.0005611879620346372,-0.0005611879624325411,-0.0005611879628872884,-0.0004737452259178099,-0.00047374522620202697,-0.0004737452263157138
129,1226,-0.332,Benzene-Methane,5,-0.00035202949402446393,-0.0003520294939107771,-0.00035202949402446393,-0.0002811059212035616,-0.00028110592137409185,-0.0002811059212035616,-0.00040839189648522733,-0.00040839189682628785,-0.00040839189659891417,-0.00045058590109192664,-0.0004505859009213964,-0.00045058590143298716,-0.000453113941432548,-0.0004531139416030783,-0.00045311394120517434,-0.0003829959434256125,-0.0003829959431413954,-0.0003829959434256125
130,1227,-0.268,Benzene-Methane,5,-0.0002879400721553793,-0.0002879400718143188,-0.0002879400721553793,-0.00023032411388612672,-0.00023032411399981356,-0.0002303241141135004,-0.0003319172835745121,-0.0003319172832334516,-0.0003319172835745121,-0.0003653075480656298,-0.00036530754783825614,-0.0003653075477245693,-0.00036695134542696906,-0.0003669513467343677,-0.00036695134696174136,-0.0003109067849322855,-0.0003109067854438763,-0.00031090678527334603
131,1228,-0.177,Benzene-Methane,5,-0.00019418799172399304,-0.0001941879925198009,-0.00019418799240611406,-0.00015587776800884967,-0.00015587776766778916,-0.00015587776726988523,-0.00022238737420821053,-0.0002223873738103066,-0.0002223873740945237,-0.00024310100542379587,-0.00024310100593538664,-0.00024310100678803792,-0.0002440058467527706,-0.0002440058476622653,-0.00024400584669592718,-0.00020820490578898898,-0.0002082049055047719,-0.00020820490578898898
132,1229,0.57,Methane Dimer,6,0.0032524373844324828,0.003252437384489326,0.003252437384404061,0.003323729100230821,0.0033237291002166103,0.003323729100230821,0.0021304909950004003,0.002130490994929346,0.002130490995014611,0.002146648706172982,0.0021466487062440365,0.0021466487062582473,0.0016278194792249678,0.0016278194795233958,0.0016278194794665524,0.002160968309780742,0.0021609683097238985,0.0021609683097523202
133,1230,0.291,Methane Dimer,6,0.002600663706743944,0.002600663706743944,0.002600663706758155,0.002670054012796186,0.0026700540128103967,0.0026700540128530292,0.001597077766106736,0.0015970777661351576,0.001597077766192001,0.0015687280854734809,0.0015687280855729568,0.0015687280854166374,0.0011202842997164453,0.001120284299545915,0.001120284299844343,0.0016274831289564418,0.0016274831290843395,0.0016274831290843395
134,1231,0.069,Methane Dimer,6,0.0020589122153609196,0.002058912215417763,0.0020589122153751305,0.00212619048244278,0.0021261904824854128,0.0021261904824001476,0.0011610797875221124,0.001161079787564745,0.0011610797874226364,0.0010975391069081297,0.0010975391069649731,0.0010975391067660212,0.0007101199389865087,0.0007101199391144064,0.0007101199390717738,0.001191145936715543,0.0011911459367013322,0.001191145936815019
135,1232,-0.239,Methane Dimer,6,0.001239804544994172,0.001239804544994172,0.0012398045449515394,0.001302449972271802,0.0013024499721296934,0.0013024499722149585,0.0005199988602981875,0.0005199988602129224,0.0005199988603123984,0.0004085980063024408,0.0004085980064019168,0.00040859800631665166,0.00011968286547414664,0.00011968286540309236,0.00011968286555941177,0.0005486575189195264,0.0005486575189337373,0.0005486575188911047
136,1233,-0.417,Methane Dimer,6,0.0006864447931462792,0.0006864447931889117,0.0006864447932315443,0.0007442086459406028,0.0007442086460542896,0.0007442086458695485,0.00010703670093903384,0.00010703670059797332,0.00010703670059797332,-2.9915085718812406e-05,-2.9915085960396937e-05,-2.9915085903553518e-05,-0.0002452254118878727,-0.00024522541207261384,-0.0002452254122715658,0.00013351237097936064,0.00013351237090830637,0.0001335123708940955
137,1234,-0.508,Methane Dimer,6,0.00031988652602876755,0.00031988652602876755,0.000319886525986135,0.00037278097994430937,0.0003727809798732551,0.00037278097981641167,-0.00014911126739036717,-0.0001491112673477346,-0.0001491112674472106,-0.0002966723823050188,-0.00029667238229080795,-0.00029667238226238624,-0.0004569638800546727,-0.0004569638801115161,-0.00045696388022520296,-0.00012531282354188988,-0.00012531282355610074,-0.00012531282358452245
138,1235,-0.541,Methane Dimer,6,8.32330577651419e-05,8.323305767987677e-05,8.323305772250933e-05,0.0001314403055943103,0.00013144030558009945,0.00013144030563694287,-0.00029885592422829177,-0.0002988559243135569,-0.0002988559241003941,-0.00044746708761067566,-0.00044746708752541053,-0.0004474670875964648,-0.0005665322655232785,-0.000566532265480646,-0.0005665322653953808,-0.00027794555403204413,-0.00027794555380467045,-0.000277945553946779
139,1236,-0.539,Methane Dimer,6,-6.418369383709432e-05,-6.418369397920287e-05,-6.418369387972689e-05,-2.0380624988547424e-05,-2.038062503117999e-05,-2.0380625073812553e-05,-0.0003775761802700117,-0.00037757618029843343,-0.0003775761804263311,-0.0005214292801412057,-0.0005214292801980491,-0.00052142928021226,-0.0006095142729236613,-0.0006095142731794567,-0.0006095142728668179,-0.00035953329481230867,-0.0003595332948265195,-0.00035953329478388696
140,1237,-0.515,Methane Dimer,6,-0.00015118204848363348,-0.00015118204846942263,-0.00015118204836994664,-0.00011144772624049892,-0.00011144772628313149,-0.00011144772635418576,-0.0004099019244563351,-0.0004099019244563351,-0.00040990192438528084,-0.0005456854888166163,-0.0005456854888592488,-0.0005456854887597729,-0.000610453448757653,-0.0006104534489708158,-0.0006104534490276592,-0.00039454037347752546,-0.0003945403735627906,-0.00039454037357700145
141,1238,-0.48,Methane Dimer,6,-0.00019799209830750897,-0.0001979920982648764,-0.0001979920982648764,-0.00016197029212605685,-0.000161970292111846,-0.00016197029209763514,-0.00041281670048931574,-0.0004128167002477312,-0.0004128167001624661,-0.0005388093261871063,-0.0005388093262723714,-0.000538809326315004,-0.0005860542320874629,-0.0005860542318316675,-0.0005860542322153606,-0.0003998516918244377,-0.0003998516918528594,-0.00039985169181022684
142,1239,-0.439,Methane Dimer,6,-0.00021866250993696212,-0.0002186625098801187,-0.00021866250995117298,-0.00018599779977535036,-0.0001859977997895612,-0.00018599779974692865,-0.000397896475888615,-0.00039789647583177157,-0.000397896475789139,-0.000513350443995364,-0.0005133504440237857,-0.0005133504440095749,-0.0005475053336994051,-0.0005475053334009772,-0.0005475053333583446,-0.0003870003326369442,-0.00038700033253746824,-0.0003870003324948357
143,1240,-0.396,Methane Dimer,6,-0.0002228242466202346,-0.00022282424657760203,-0.00022282424659181288,-0.00019317818126296515,-0.0001931781812487543,-0.0001931781812203326,-0.00037291587472054744,-0.00037291587459264974,-0.00037291587472054744,-0.0004776673447821622,-0.0004776673448816382,-0.0004776673449100599,-0.000502152720159188,-0.000502152720159188,-0.000502152720258664,-0.00036375881536798715,-0.00036375881549588485,-0.00036375881543904143
144,1241,-0.354,Methane Dimer,6,-0.0002169782533343323,-0.00021697825337696486,-0.00021697825332012144,-0.00019004178560066975,-0.00019004178557224805,-0.00019004178564330232,-0.00034299660941883303,-0.0003429966094614656,-0.000342996609617785,-0.000437239077683671,-0.0004372390776552493,-0.0004372390775557733,-0.0004546956665194557,-0.00045469566647682313,-0.00045469566650524484,-0.0003352725915135579,-0.0003352725915277688,-0.00033527259144250365
145,1242,-0.315,Methane Dimer,6,-0.0002054325739493379,-0.00020543257392091618,-0.00020543257393512704,-0.00018093409555319795,-0.00018093409552477624,-0.00018093409562425222,-0.0003114260908887445,-0.00031142609105927477,-0.00031142609081769024,-0.00039558898370728457,-0.00039558898359359773,-0.0003955889835793869,-0.0004080334998946,-0.0004080334997524915,-0.00040803350010776285,-0.000304866407915938,-0.00030486640802962484,-0.00030486640811488996
146,1243,-0.279,Methane Dimer,6,-0.0001909810653302202,-0.0001909810653302202,-0.00019098106528758763,-0.00016868859090379829,-0.00016868859090379829,-0.00016868859094643085,-0.0002802387004265938,-0.00028023870054028066,-0.0002802387005829132,-0.00035492161772765485,-0.0003549216178413417,-0.0003549216176850223,-0.00036385844980202364,-0.0003638584495888608,-0.00036385844983044535,-0.0002746166179292686,-0.0002746166178440035,-0.00027461661794347947
147,1244,-0.217,Methane Dimer,6,-0.00015974161020437805,-0.00015974161013332377,-0.0001597416101901672,-0.0001413023266820801,-0.0001413023268383995,-0.0001413023267105018,-0.00022322214580583477,-0.0002232221458910999,-0.00022322214579162392,-0.000281200119644609,-0.0002812001196161873,-0.0002812001195593439,-0.00028603811395555567,-0.0002860381140692425,-0.00028603811402660995,-0.00021895433920349205,-0.00021895433923191376,-0.0002189543392177029
148,1245,-0.168,Methane Dimer,6,-0.000130525647534796,-0.000130525647534796,-0.00013052564756321772,-0.00011534374935706637,-0.00011534374939969894,-0.00011534374947075321,-0.00017591814763306957,-0.0001759181474625393,-0.000175918147590437,-0.00022050913682392093,-0.00022050913683813178,-0.00022050913680971007,-0.00022330738813991502,-0.00022330738809728246,-0.00022330738806886075,-0.0001725289754261894,-0.00017252897522723742,-0.00017252897524144828
149,1246,-0.13,Methane Dimer,6,-0.00010557052051751725,-0.00010557052043225212,-0.00010557052053172811,-9.313283031531228e-05,-9.313283013057116e-05,-9.313283025846886e-05,-0.0001383315949254893,-0.00013833159486864588,-0.00013833159496812186,-0.0001726444051399767,-0.00017264440528208524,-0.00017264440515418755,-0.00017426818097021624,-0.0001742681808565294,-0.00017426818062915572,-0.00013553940742383475,-0.0001355394072533045,-0.0001355394072533045
150,1247,-0.08,Methane Dimer,6,-6.87055074735099e-05,-6.870550765825101e-05,-6.870550764404015e-05,-6.036529124742174e-05,-6.0365291176367464e-05,-6.03652911337349e-05,-8.647752265744657e-05,-8.647752248691631e-05,-8.647752233059691e-05,-0.00010716950791334057,-0.00010716950788491886,-0.00010716950788491886,-0.0001075540271671116,-0.00010755402720974416,-0.00010755402706763562,-8.450159562300996e-05,-8.45015955803774e-05,-8.450159560879911e-05
151,1248,-0.05,Methane Dimer,6,-4.530356282828052e-05,-4.530356291354565e-05,-4.530356291354565e-05,-3.959483197490954e-05,-3.9594831875433556e-05,-3.9594831903855265e-05,-5.548533323462834e-05,-5.548533289356783e-05,-5.5485332907778684e-05,-6.835954621919882e-05,-6.83595463186748e-05,-6.835954633288566e-05,-6.823214226869823e-05,-6.823214215501139e-05,-6.823214221185481e-05,-5.413732887404876e-05,-5.41373289877356e-05,-5.413732904457902e-05
152,1249,2.368,Pyridine Dimer S2 Configuration,7,0.012456936419937392,0.012456936420846887,0.012456936420619513,0.013738329737805088,0.013738329738032462,0.013738329737975619,0.01027892315681811,0.010278923156249675,0.010278923156590736,0.009900044908818018,0.009900044909954886,0.009900044908306427,0.008797625044394408,0.008797625043314383,0.008797625042632262,0.010747531410686406,0.010747531410629563,0.010747531410970623
153,1250,0.233,Pyridine Dimer S2 Configuration,7,0.007664846422869687,0.0076648464229833735,0.0076648464229833735,0.008900082737170578,0.008900082737341108,0.008900082737682169,0.005919946550022814,0.005919946550875466,0.005919946550875466,0.0054644615735810476,0.005464461572671553,0.0054644615728989265,,0.004651755803479318,0.0046517558045025,,0.006354468290908244,0.00635446829051034
154,1251,-1.17,Pyridine Dimer S2 Configuration,7,0.004282483144834259,0.004282483145800597,0.004282483145573224,0.005485783737810834,0.005485783738265582,0.005485783738834016,0.0028656553694190734,0.0028656553695896037,0.0028656553694190734,0.0023807294498396914,0.002380729449384944,0.0023807294498396914,,0.0017833760451821945,0.0017833760461485326,,0.003271344901293105,0.0032713449018615393
155,1252,-2.051,Pyridine Dimer S2 Configuration,7,0.0019355862898464693,0.0019355862901306864,0.0019355862901875298,0.0031140719972881925,0.0031140719978566267,0.0031140719975724096,,0.0007683871662607089,0.0007683871663743957,,0.0002855705960769228,0.00028557059647482674,,-0.0001539848403808719,-0.00015398484055140216,,0.0011501647695126849,0.0011501647689442507
156,1253,-2.562,Pyridine Dimer S2 Configuration,7,0.00034193942144611356,0.00034193942178717407,0.0003419394215598004,0.001496704816474903,0.001496704816474903,0.0014967048159064689,-0.0006327697213919237,-0.0006327697215056105,-0.0006327697212782368,-0.0010935609260513957,-0.0010935609261650825,-0.0010935609252555878,,-0.0014191395641773852,-0.0014191395638363247,,-0.00027076213001464566,-0.0002707621301283325
157,1254,-2.814,Pyridine Dimer S2 Configuration,7,-0.0007096738838754391,-0.0007096738843870298,-0.0007096738844438732,0.0004177924433292901,0.00041779244310191643,0.00041779244253348224,-0.0015327057138847522,-0.001532705713998439,-0.0015327057132594746,-0.00195984962277862,-0.001959849623574428,-0.001959849622494403,,-0.00220403646125078,-0.002204036462842396,,-0.0011871046337432745,-0.0011871046335159008
158,1255,-2.89,Pyridine Dimer S2 Configuration,7,-0.0013758840285618135,-0.0013758840280502227,-0.0013758840291302477,-0.00028245193760767506,-0.00028245193669818036,-0.0002824519365844935,-0.002075942650549223,-0.002075942650549223,-0.0020759426503786926,-0.0024638520869757485,-0.002463852087203122,-0.0024638520861230973,,-0.0026503693281370033,-0.0026503693269432915,,-0.0017442340084699026,-0.001744234008242529
159,1256,-2.849,Pyridine Dimer S2 Configuration,7,-0.001771699525306758,-0.0017716995249656975,-0.0017716995248520107,-0.0007205939135701556,-0.0007205939139680595,-0.0007205939135701556,-0.0023690078409686066,-0.002369007840457016,-0.00236900784102545,-0.002716244032455961,-0.002716244032455961,-0.002716244032967552,-0.0028618975069321095,-0.0028618975074437003,-0.0028618975070457964,-0.0020494949861245004,-0.0020494949864087175,-0.0020494949865792478
160,1257,-2.734,Pyridine Dimer S2 Configuration,7,-0.001980680255826428,-0.001980680255826428,-0.0019806802563948622,-0.0009802696055203342,-0.000980269606031925,-0.000980269606031925,-0.002489784785439042,-0.002489784785041138,-0.0024897847852685118,-0.002797708566959045,-0.002797708566959045,-0.002797708566959045,-0.0029139987726125582,-0.002913998774488391,-0.0029139987719872806,-0.0021814936307578137,-0.0021814936309851873,-0.0021814936300756926
161,1258,-2.575,Pyridine Dimer S2 Configuration,7,-0.0020628976420766776,-0.002062897641565087,-0.002062897641849304,-0.001120416498281429,-0.0011204164985088028,-0.0011204164986224896,-0.0024948399260438237,-0.0024948399271238486,-0.0024948399266691013,-0.002766472997109304,-0.00276647299688193,-0.0027664729960861223,-0.0028610817802245947,-0.0028610817812477762,-0.0028610817801677513,-0.00219730947003427,-0.0021973094698068962,-0.002197309469920583
162,1259,-2.394,Pyridine Dimer S2 Configuration,7,-0.002061092133828879,-0.0020610921336583488,-0.0020610921336015053,-0.0011818264647445176,-0.0011818264643466136,-0.0011818264640055531,-0.00242482948505085,-0.00242482948505085,-0.002424829484084512,-0.0026640732316423055,-0.0026640732313580884,-0.0026640732303917503,-0.002741985941099756,-0.0027419859417250336,-0.002741985941099756,-0.0021379911954113595,-0.0021379911955250464,-0.0021379911955818898
163,1260,-2.204,Pyridine Dimer S2 Configuration,7,-0.00200535635082133,-0.002005356350139209,-0.002005356350537113,-0.0011922357317075694,-0.0011922357313665088,-0.0011922357313096654,-0.0023086702568093642,-0.0023086702561840866,-0.0023086702564114603,-0.002519671834932069,-0.0025196718351594427,-0.0025196718345910085,-0.002584112286854179,-0.0025841122865699617,-0.002584112286172058,-0.002032720906299801,-0.002032720906868235,-0.002032720906868235
164,1261,-2.016,Pyridine Dimer S2 Configuration,7,-0.0019166532652548085,-0.0019166532645726875,-0.0019166532650274348,-0.0011702400634590049,-0.0011702400627200404,-0.0011702400624926668,-0.0021666489220706353,-0.0021666489224685392,-0.0021666489222411656,-0.0023533962889814575,-0.00235339628835618,-0.0023533962888677706,-0.0024064875808562647,-0.0024064875798899266,-0.0024064875794920226,-0.0019019623903773208,-0.0019019623902067906,-0.001901962390945755
165,1262,-1.835,Pyridine Dimer S2 Configuration,7,-0.0018094253587150888,-0.001809425358601402,-0.0018094253584308717,-0.001128181426622632,-0.0011281814266794754,-0.0011281814271910662,-0.0020127529040223635,-0.002012752904079207,-0.002012752903567616,-0.0021788163662108673,-0.002178816365642433,-0.0021788163656992765,-0.0022220506474468493,-0.002222050646423668,-0.0022220506474468493,-0.0017597929456769634,-0.001759792946018024,-0.0017597929461317108
166,1263,-1.664,Pyridine Dimer S2 Configuration,7,-0.001693468243672669,-0.0016934682440705728,-0.0016934682439000426,-0.0010742228033677748,-0.0010742228037656787,-0.0010742228040498958,-0.0018563977664598497,-0.0018563977667440668,-0.0018563977664598497,-0.0020048266400749526,-0.002004826639563362,-0.0020048266395065184,-0.002039357408420983,-0.0020393574096715383,-0.002039357409216791,,-0.0016156549885977256,-0.0016156549884271953
167,1264,-1.361,Pyridine Dimer S2 Configuration,7,-0.0014591807105261978,-0.0014591807101851373,-0.0014591807101851373,-0.0009504839690066547,-0.000950483969461402,-0.0009504839686655941,-0.0015584725499024898,-0.0015584725505277675,-0.001558472549788803,-0.0016786770414682906,-0.0016786770406724827,-0.001678677041809351,-0.0016987053391517293,-0.0016987053417096831,-0.001698705340459128,-0.0013434527334652557,-0.001343452732953665,-0.001343452733237882
168,1265,-1.004,Pyridine Dimer S2 Configuration,7,-0.0011443116890177407,-0.0011443116891314276,-0.0011443116894156447,-0.000764304335405086,-0.00076430433580299,-0.0007643043356893031,-0.0011834757588644607,-0.0011834757573296883,-0.0011834757584665567,-0.001273030157960875,-0.0012730301569376934,-0.0012730301577903447,,-0.001277778818234765,-0.0012777788169273663,,-0.0010084143043513905,-0.0010084143045219207
169,1266,-0.62,Pyridine Dimer S2 Configuration,7,-0.0007604268288901039,-0.0007604268292880079,-0.0007604268294585381,-0.0005171856829520038,-0.0005171856831793775,-0.000517185683520438,-0.0007579689234944453,-0.0007579689225281072,-0.0007579689233807585,-0.0008137529861755866,-0.0008137529868008642,-0.0008137529865734905,-0.0008069627761528864,-0.0008069627783697797,-0.0008069627768350074,-0.0006419236352144253,-0.0006419236349870516,-0.0006419236352712687
170,1267,-0.403,Pyridine Dimer S2 Configuration,7,-0.0005219739848030258,-0.0005219739844051219,-0.0005219739848598692,-0.00035850179148155803,-0.00035850179187946196,-0.0003585017914247146,-0.0005088726067015159,-0.0005088726065878291,-0.0005088726067015159,-0.0005433995145835979,-0.000543399514185694,-0.0005433995148109716,-0.0005350669889025994,-0.0005350669898120941,-0.000535066988845756,-0.0004326410586941165,-0.000432641059035177,-0.0004326410589214902
171,1268,-0.277,Pyridine Dimer S2 Configuration,7,-0.0003756988527925387,-0.00037569885273569525,-0.00037569885296306893,-0.00026092330074334313,-0.0002609233013117773,-0.0002609233011980905,-0.00036075481114039576,-0.00036075481136776943,-0.00036075481057196157,-0.0003821845362494969,-0.00038218453556737586,-0.00038218453522631535,,-0.00037534262094141013,-0.00037534262014560227,,-0.00030844747334413114,-0.00030844747311675746
172,1269,-0.2,Pyridine Dimer S2 Configuration,7,-0.00028303250559247317,-0.0002830325053650995,-0.00028303250553562975,-0.00019903130475995567,-0.00019903130493048593,-0.00019903130504417277,-0.00026884904633561746,-0.0002688490462219306,-0.0002688490465061477,-0.00028258725461682843,-0.00028258725615160074,-0.0002825872556968534,-0.0002772508698853926,-0.00027725087090857414,-0.00027725087090857414,-0.00023118793376397662,-0.00023118793382082004,-0.00023118793382082004
173,1270,9.342,Pyridine Dimer T3 Configuration,8,0.02469076546026372,0.024690765461798492,0.0246907654612869,0.025432615614363385,0.025432615613567577,0.02543261561277177,0.02074451200820704,0.02074451200775229,0.02074451200837757,0.021965076396497807,0.021965076394792504,0.021965076396611494,0.01959195898461985,0.019591958984847224,0.019591958983482982,,0.020945085886410197,0.02094508588629651
174,1271,2.792,Pyridine Dimer T3 Configuration,8,0.011805608815961932,0.01180560881493875,0.011805608815393498,0.012465501051394767,0.01246550105145161,0.012465501050371586,0.008953491460658825,0.008953491460943042,0.008953491460886198,0.009545490807852275,0.009545490807681745,0.009545490807852275,0.00796999436340684,0.007969994363804744,0.0079699943650553,,0.009128695995514136,0.00912869599443411
175,1272,2.006,Pyridine Dimer T3 Configuration,8,0.0101839651729847,0.010183965173780507,0.010183965173951037,0.01083192654806453,0.010831926547382409,0.01083192654755294,0.0074992999508367575,0.007499299950893601,0.007499299951973626,0.008005232157927367,0.008005232157529463,0.00800523215832527,0.006544597190497825,,0.006544597189929391,0.007671031281233809,0.007671031281972773,0.007671031281063279
176,1273,0.689,Pyridine Dimer T3 Configuration,8,0.007394179405082468,0.007394179404911938,0.0073941794049687815,0.008019839395444706,0.008019839395501549,0.008019839395785766,0.0050209342242055754,0.005020934223182394,0.005020934224546636,0.005374813235050624,0.005374813235448528,0.005374813235107467,,0.00412287589188054,0.004122875892903721,,0.005186415262869559,0.005186415262755872
177,1274,-0.629,Pyridine Dimer T3 Configuration,8,0.0044720237350475145,0.004472023735900166,0.004472023736184383,0.0050705882485431175,0.00507058824791784,0.00507058824791784,0.002465557940581675,0.0024655579391605897,0.0024655579400700844,0.002655113377784346,0.0026551133768748514,0.0026551133774432856,0.001640999727385406,0.0016409997264190679,0.0016409997277264665,,0.0026239064570177106,0.0026239064566198067
178,1275,-1.355,Pyridine Dimer T3 Configuration,8,0.00277049264894913,0.0027704926490628168,0.0027704926494038773,0.003350351981282529,0.003350351980884625,0.003350351981168842,0.001003775733238399,0.001003775733636303,0.0010037757335794595,0.0010959329561046616,0.0010959329562751918,0.0010959329554225405,,0.0002327742347461026,0.00023277423434819866,,0.0011574834535394984,0.0011574834536531853
179,1276,-2.18,Pyridine Dimer T3 Configuration,8,0.0006664238230200681,0.0006664238229632247,0.0006664238238727194,0.0012176134269452632,0.0012176134261494553,0.0012176134266042027,-0.0007635000131358538,-0.0007635000131358538,-0.0007635000130790104,-0.0007914958613923773,-0.0007914958625292456,-0.0007914958622450285,-0.0014485003975437394,-0.0014485003978279565,-0.0014485003977142696,,-0.0006165578399190963,-0.00061655784014647
180,1277,-2.65,Pyridine Dimer T3 Configuration,8,-0.0007395243115411176,-0.0007395243108021532,-0.0007395243109726835,-0.0002144354338611265,-0.00021443543357690942,-0.0002144354338042831,-0.0019023151454007348,-0.0019023151453438913,-0.0019023151452302045,-0.002007328356455673,-0.002007328356455673,-0.002007328357080951,,-0.002505972529149858,-0.0025059725282403633,,-0.0017613482095271138,-0.0017613482106639822
181,1278,-2.875,Pyridine Dimer T3 Configuration,8,-0.0016421521315237442,-0.0016421521310689968,-0.0016421521300458153,-0.0011411805754164561,-0.0011411805755869864,-0.0011411805756438298,-0.002595520717591171,-0.00259552071707958,-0.002595520716624833,-0.0027450595857771987,-0.0027450595860045723,-0.0027450595857771987,,-0.003123331923177375,-0.0031233319239163393,,-0.0024600979962769998,-0.0024600979965043734
182,1279,-2.934,Pyridine Dimer T3 Configuration,8,-0.0021875278274023913,-0.0021875278276866084,-0.0021875278271750176,-0.0017092275962795611,-0.0017092275966206216,-0.0017092275964500914,-0.00297704455465464,-0.0029770445541998924,-0.0029770445553936042,-0.003148115705073451,-0.0031481157056987286,-0.0031481157050166075,-0.003435368310817921,-0.0034353683109884514,-0.0034353683104200172,,-0.0028469466393516996,-0.002846946638840109
183,1280,-2.885,Pyridine Dimer T3 Configuration,8,-0.0024838742743895637,-0.0024838742739916597,-0.002483874273764286,-0.0020272651091772786,-0.0020272651094046523,-0.0020272651094614957,-0.003144227256711929,-0.00314422725756458,-0.00314422725739405,-0.003321661957897959,-0.0033216619583527063,-0.0033216619577274287,-0.003540066363711958,-0.003540066362631933,-0.003540066362518246,-0.0030193214288374293,-0.003019321429860611,-0.0030193214295195503
184,1281,-2.768,Pyridine Dimer T3 Configuration,8,-0.0026102596659711708,-0.002610259665743797,-0.002610259666425918,-0.002174702247032201,-0.0021747022474301048,-0.002174702246918514,-0.003167266928414847,-0.003167266928699064,-0.0031672669288695943,-0.0033418279253396577,-0.003341827925396501,-0.003341827925396501,,-0.003507924020198061,-0.0035079240192885663,,-0.003047434189170417,-0.0030474341884314526
185,1282,-2.612,Pyridine Dimer T3 Configuration,8,-0.002623592176803413,-0.002623592177599221,-0.0026235921767465697,-0.002208633265922799,-0.0022086332648996176,-0.0022086332655817387,-0.0030963750734827045,-0.00309637507274374,-0.0030963750748469465,-0.003262946784673204,-0.0032629467839342396,-0.0032629467832521186,-0.0033890648624037567,-0.003389064861778479,-0.003389064862687974,-0.0029814789017450494,-0.002981478900892398,-0.0029814789017450494
186,1283,-2.436,Pyridine Dimer T3 Configuration,8,-0.0025641969904768303,-0.0025641969916136986,-0.0025641969910452644,-0.0021694378416441396,-0.0021694378410757054,-0.0021694378413599225,-0.0029671224602338953,-0.0029671224600065216,-0.0029671224612002334,-0.003123190422911648,-0.0031231904229684915,-0.0031231904233663954,,-0.0032186358588432995,-0.003218635857820118,-0.002857011799846987,-0.0028570117995627697,-0.0028570117992217092
187,1284,-2.254,Pyridine Dimer T3 Configuration,8,-0.002460215013911693,-0.002460215013627476,-0.002460215013627476,-0.002085210887116773,-0.0020852108873441466,-0.0020852108872304598,-0.002804412666250755,-0.002804412665796008,-0.002804412666478129,-0.0029489335931884852,-0.0029489335923926774,-0.0029489335933590155,,-0.003020873774858046,-0.0030208737740622382,,-0.0026989289636389913,-0.002698928963354774
188,1285,-2.073,Pyridine Dimer T3 Configuration,8,-0.002330966532781531,-0.0023309665321562534,-0.002330966532895218,-0.0019751884860852442,-0.0019751884863694613,-0.001975188485914714,-0.002625397613996938,-0.0026253976136558776,-0.0026253976130306,-0.0027580840217069635,-0.0027580840215932767,-0.0027580840206269386,-0.0028121229681801196,-0.0028121229676116855,-0.0028121229665316605,-0.002524392625332439,-0.002524392625218752,-0.002524392625048222
189,1286,-1.737,Pyridine Dimer T3 Configuration,8,-0.0020444568732500557,-0.0020444568733637425,-0.0020444568727953083,-0.0017252037849857516,-0.001725203784360474,-0.0017252037840194134,-0.002260660748618193,-0.00226066074890241,-0.0022606607490729402,-0.0023700211483514977,-0.002370021148806245,-0.002370021148237811,-0.002400657808152573,-0.0024006578095736586,-0.002400657809516815,-0.002168243251730928,-0.0021682432520719885,-0.002168243251730928
190,1287,-1.322,Pyridine Dimer T3 Configuration,8,-0.0016336567891812592,-0.00163365678969285,-0.0016336567897496934,-0.0013638629045544803,-0.001363862904099733,-0.0013638629049523843,-0.0017720934379781283,-0.0017720934389444665,-0.0017720934380918152,-0.0018494846106023033,-0.0018494846106591467,-0.0018494846113412677,,-0.0018641013305682463,-0.0018641013310229937,,-0.001691777825101326,-0.0016917778253855431
191,1288,-0.853,Pyridine Dimer T3 Configuration,8,-0.0011130423856116067,-0.0011130423865779449,-0.0011130423858958238,-0.0009122632052367408,-0.0009122632055778013,-0.0009122632054641144,-0.0011846511325188658,-0.0011846511323483355,-0.0011846511321209618,-0.0012232793939688236,-0.001223279394025667,-0.001223279393627763,-0.0012308137737591096,-0.0012308137744412306,-0.0012308137737591096,-0.0011218443825669056,-0.001121844382623749,-0.0011218443824532187
192,1289,-0.574,Pyridine Dimer T3 Configuration,8,-0.000779161530942929,-0.0007791615309997724,-0.0007791615308860855,-0.0006313921344940354,-0.0006313921350056262,-0.0006313921348919393,-0.00081989291032869,-0.0008198929108402808,-0.0008198929106129071,-0.0008376741631082041,-0.000837674163506108,-0.0008376741629376738,-0.0008432740152102269,-0.0008432740132775507,-0.0008432740149828533,-0.0007707074922223001,-0.0007707074916538659,-0.0007707074927338908
193,1290,-0.297,Pyridine Dimer T3 Configuration,8,-0.0004256470996892858,-0.00042564710003034634,-0.000425647099575599,-0.0003426858929174159,-0.0003426858922352949,-0.0003426858925763554,-0.00044095180862768757,-0.0004409518084003139,-0.00044095180822978364,-0.0004443629446200248,-0.00044436294450633795,-0.00044436294416527744,,-0.000446979226012445,-0.0004469792251029503,,-0.0004112551132493536,-0.0004112551135335707
194,1291,-0.175,Pyridine Dimer T3 Configuration,8,-0.0002605404641826681,-0.00026054046355739047,-0.0002605404639552944,-0.00020942333981111005,-0.00020942334003848373,-0.00020942334077744817,-0.00026703126548,-0.00026703126559368684,-0.0002670312642862882,-0.0002671839895924677,-0.00026718398981984137,-0.00026718398919456376,-0.0002685848178884953,-0.00026858481766112163,-0.0002685848165810967,-0.0002486187611907553,-0.00024861876090653823,-0.0002486187604517909
