,id,Benchmark,System,System #,dlpno_ccsd_aug_cc_pvtz_1-verytight-CP_C_IE,dlpno_ccsd_aug_cc_pvtz_1-tight-CP_C_IE,dlpno_ccsd_aug_cc_pvtz_1-normal-CP_C_IE,dlpno_ccsd_cc_pvdz_1-verytight-CP_C_IE,dlpno_ccsd_cc_pvdz_1-tight-CP_C_IE,dlpno_ccsd_cc_pvdz_1-normal-CP_C_IE,ccsd_jun_cc_pvdz_1-normal-CP_C_IE,dlpno_ccsd_jun_cc_pvdz_1-verytight-CP_C_IE,dlpno_ccsd_jun_cc_pvdz_1-tight-CP_C_IE,dlpno_ccsd_jun_cc_pvdz_1-normal-CP_C_IE,ccsd_cc_pvdz_1-normal-CP_C_IE,dlpno_ccsd_may_cc_pvtz_1-verytight-CP_C_IE,dlpno_ccsd_may_cc_pvtz_1-tight-CP_C_IE,dlpno_ccsd_may_cc_pvtz_1-normal-CP_C_IE,dlpno_ccsd_cc_pvtz_1-verytight-CP_C_IE,dlpno_ccsd_cc_pvtz_1-tight-CP_C_IE,dlpno_ccsd_cc_pvtz_1-normal-CP_C_IE,ccsd_may_cc_pvtz_1-normal-CP_C_IE,ccsd_aug_cc_pvdz_1-normal-CP_C_IE,dlpno_ccsd_aug_cc_pvdz_1-verytight-CP_C_IE,dlpno_ccsd_aug_cc_pvdz_1-tight-CP_C_IE,dlpno_ccsd_aug_cc_pvdz_1-normal-CP_C_IE,ccsd_aug_cc_pvtz_1-normal-CP_C_IE,ccsd_cc_pvtz_1-normal-CP_C_IE
0,1097,3.239,Parallel Displaced Benzene Dimer Interplane 3.2,9,,,0.00814859718121852,0.014038768415503,0.014131251024934954,0.012663851324873576,,0.013101599053982227,0.013224667465578932,0.011639739053123321,,,0.011275192184314164,0.009761392284133308,,0.011503155640298246,0.009932175807421117,,,,0.010927454062368724,0.009462343302232057,,
1,1098,2.617,Parallel Displaced Benzene Dimer Interplane 3.2,9,,,0.007445435653437471,0.012928603120485604,0.013040339601332107,0.011371373958127151,,0.011946605514651765,0.012104311938571755,0.010472636918450462,,,,0.008549947252902257,,0.010399161665134216,0.008821992131913703,,,0.00967858457534021,0.009765433735594797,0.008297068556487375,,
2,1099,1.724,Parallel Displaced Benzene Dimer Interplane 3.2,9,,,0.005895989580835703,0.011292023723456168,0.011484407868977087,0.009743746988590374,,0.010279340558895456,0.010426254395781598,0.008845565564513436,,,0.008477848140614697,0.0069870501137074825,,0.008761489145683754,0.00725735090895796,,,0.008033889459625243,0.008127026785757607,0.006639427791697017,,
3,1100,0.725,Parallel Displaced Benzene Dimer Interplane 3.2,9,,,0.003958930585838516,0.009458070024663812,0.009782774408961359,0.007987588102025711,,0.008350251936690256,0.008510510405415062,0.006874112356229034,,,0.006629988633278572,0.005165187084799072,,0.006948301141051161,0.005608691946918043,,,0.0061837698023055054,0.006262536719134459,0.004777342575835064,,
4,1101,-0.223,Parallel Displaced Benzene Dimer Interplane 3.2,9,,,0.0020784535053053332,0.0076568053670484915,0.008028119211417106,0.006443449394225809,,0.006525459666022471,0.006674296073583719,0.005213094976284083,,,0.0048909790698417055,0.00338407485122616,,0.005194835607085224,0.003812094297074964,,,0.004385343192097935,0.00437910468821201,0.0030451024144326766,,
5,1102,-1.001,Parallel Displaced Benzene Dimer Interplane 3.2,9,,,0.0006501983485236451,0.006198051152466633,0.006567861651660678,0.004767152423823973,,0.004957223816120404,0.005051112345370257,0.0037682003376176,,,0.0033055596329631953,0.0019427090949761805,,0.0037092873006940863,0.0021711264642476635,,,0.002865397603557085,0.0029461921960205473,0.001344634531619704,,
6,1103,-1.551,Parallel Displaced Benzene Dimer Interplane 3.2,9,,,-0.00027329289878252894,0.005006145907543669,0.005353129314983107,0.0038636208083175916,,0.0037615995225905863,0.003884042628840234,0.002542770301431574,,,0.0022330076880621164,0.0008413512222773534,,0.0025483508986212655,0.0011756615832041462,,,0.0017287015697320385,0.0018159259760750501,0.0005136443842843619,,
7,1104,-1.735,Parallel Displaced Benzene Dimer Interplane 3.2,9,,,-0.0008202494524880422,0.004572869627679665,0.004832221230174127,0.0033437021599524996,,0.003296808141612928,0.0033620786519463763,0.0020582959175499127,,,0.0016912764469338981,0.00035970691538977917,,0.002054549823981233,0.0008047271412010559,,,0.001299576796668589,0.0013183883514216177,8.301523195086702e-05,,
8,1105,-1.865,Parallel Displaced Benzene Dimer Interplane 3.2,9,,,-0.000990881677410016,0.004209581143243213,0.004504503576981733,0.003082290344707417,,0.0029623892675090246,0.003045789961106493,0.0018049441079597273,,,0.0013811174350166766,0.00010808236561388185,,0.001779262932018355,0.00044564853357087486,,,0.0009675102896835597,0.0010518808841766258,-0.00026585498312670097,,
9,1106,-1.947,Parallel Displaced Benzene Dimer Interplane 3.2,9,,,-0.001308363967666537,0.003925724000453101,0.004211441288248352,0.0028437578748707892,,0.0026788698047539583,0.002759802261209643,0.001483002862300964,,,0.0011749055062182379,-0.00011793359408329707,,0.0015086757273365947,0.0002276988045082362,,,0.0007144454712602055,0.000812365440594931,-0.00046138707074305785,,
10,1107,-1.986,Parallel Displaced Benzene Dimer Interplane 3.2,9,,,-0.0013831245002506876,0.0037530350755901054,0.00395089566831075,0.0026816976024974792,,0.002447641671665224,0.0025367776421489907,0.0013028308826505963,,,0.0009740677295440037,-0.0002423249241587655,,0.0012973472935868813,9.565597952132521e-05,,,0.0005370977765437601,0.0006235289228584406,-0.0006025007838275087,,
11,1108,-1.991,Parallel Displaced Benzene Dimer Interplane 3.2,9,,,-0.0014356097936456536,0.0035632763248258925,0.003714601515639515,0.002483140781066595,,0.002288530746170636,0.002364888136355603,0.0012087451211755251,,,0.0008277126557914016,-0.0003691509672307802,,0.00107125256801055,-0.00012344129117991542,,,0.00040471400944852576,0.0004855136634773771,-0.0007401865551059927,,
12,1109,-1.971,Parallel Displaced Benzene Dimer Interplane 3.2,9,,,-0.0014869490580053935,0.0034310484367665595,0.0035476328134222967,0.0024024823770787407,,0.0021672211714758305,0.0022308971107918296,0.0010754414666962475,,,0.0007175574044140376,-0.0004774044070359196,,0.0010337129394315525,-0.0001717554837341595,,,0.0003172418287817891,0.0003785244687719569,-0.000826027799575968,,
13,1110,-1.891,Parallel Displaced Benzene Dimer Interplane 3.2,9,,,-0.001506016411155997,0.003134534402136069,0.0032606701954023265,0.0022026066096714203,,0.0019953485418113814,0.0020668041543103755,0.0009560815581721727,,,0.000566230005745183,-0.0005164299184912124,0.000881233760651412,0.00084728436917203,-0.00018442237285398733,,,0.00019924437327745181,0.0002748861330701402,-0.0008165665861383786,,
14,1111,-1.795,Parallel Displaced Benzene Dimer Interplane 3.2,9,,,-0.0014783726363702954,0.002860220660295454,0.0029640637315537788,0.0019445181922606025,,0.0017808043615445968,0.0018622747971903664,0.0007779345323797315,,,0.00044848204419167814,-0.0004946398505580873,0.0007416455223392404,0.0007346060049258085,-0.00019398406664095091,,,0.00011643209126077636,0.00022266127751890963,-0.0008161331263636384,,
15,1112,-1.727,Parallel Displaced Benzene Dimer Interplane 3.2,9,,,-0.0014007531103743531,0.0025547394934051226,0.002652489681793213,0.0017495368672939549,,0.0015854703781883472,0.0015516811968154798,0.0007777679304012963,,,0.00026729531083447,-0.000584005794451059,0.0005555464134658905,0.0005594524566276959,-0.0004108052096967185,,,-1.8764899209600117e-05,9.06240865106156e-05,-0.000887881622986697,,
16,1113,-1.702,Parallel Displaced Benzene Dimer Interplane 3.2,9,,,-0.0014327466231520702,0.0021840004296223015,0.0022516863548389665,0.0014528269310858377,,0.0012884320474313427,0.001292453832263618,0.00044877732892700806,,,4.740297271155214e-05,-0.0007557139293794535,0.0003101870040609356,0.00021995439141164752,-0.0005370587329025511,,,-0.00019486482614183842,-0.0001104587332747542,-0.0010244946251418696,,
17,1114,-1.724,Parallel Displaced Benzene Dimer Interplane 3.2,9,,,-0.0017096334187272078,0.001705475587868932,0.00173771621200558,0.0010269212904745473,,0.0008835966202696,0.0009022967441865148,0.00017910285771449708,,,-0.0002470728473440431,-0.0009498826661911153,,-8.075454826439454e-05,-0.0006879501678440647,,,-0.0004568475184214549,-0.0004637720407458801,-0.0011537325266317566,,
18,1115,0.032,Parallel Displaced Benzene Dimer Interplane 3.4,3,,,0.0021860808782889762,0.006835333058404558,0.007086738648922619,0.005475539497297177,,0.00587790701774793,0.006040746312521605,0.004325468219462891,,,0.004679903733460833,0.0032157469749449774,0.004747356576103812,0.004798345022152262,0.0033654045426487755,,,0.004079061486436331,0.004208121280839805,0.00286433946928355,,
19,1116,-0.294,Parallel Displaced Benzene Dimer Interplane 3.4,3,,,0.001647602965704209,0.006237119183595041,0.006459663568591623,0.004810510439824611,,0.005230321186502351,0.005344550522579539,0.003870586186167202,,,0.004005620270902455,0.0024688900405749337,,0.004198854032210875,0.002717828553443269,,,0.0034578633615183207,0.0035960325462269793,0.0020662589851099256,,
20,1117,-0.766,Parallel Displaced Benzene Dimer Interplane 3.4,3,,,0.0006107167320692497,0.0053686120245970415,0.005588226884810865,0.003983944853700905,,0.004308246858499842,0.004409564623756523,0.002978496183061452,,,0.003106101604203104,0.001736883475984996,,0.003329790455609327,0.0018089461285626385,,,0.0025373885673616314,0.0026764356893522745,0.0011966370964273665,,
21,1118,-1.296,Parallel Displaced Benzene Dimer Interplane 3.4,3,,,-0.0002795390530536679,0.0043444753276844494,0.004609671941864235,0.00310858916992629,,0.0032685351966961207,0.0033947628470514246,0.0019766596948329607,,,0.0020810268601394455,0.0004967503389821104,,0.002307755321055538,0.0008615907198077366,,,0.0015315643017288494,0.0016565081204475973,0.00035452702303473416,,
22,1119,-1.8,Parallel Displaced Benzene Dimer Interplane 3.4,3,,,-0.001181727375922037,0.0033218045637681826,0.003627145648124497,0.0021659121658217373,,0.002250107445490812,0.0023543696726164853,0.0010057541034029782,,,0.0010569525057917417,-0.0004086110047296643,,0.00129991242027927,-2.661578190554792e-05,,,0.0005472126113659215,0.0006586129651395822,-0.0007477104260260603,,
23,1120,-2.21,Parallel Displaced Benzene Dimer Interplane 3.4,3,,,-0.0019073319795097632,0.0024429065126696514,0.002797713107099753,0.0013176550614844018,,0.0013842297817632243,0.0015069424085254468,5.969391293092485e-05,,,,,,0.0004991397268554465,-0.0007360369929756416,,,-0.00031428752220108436,-0.00018051755051828877,-0.0015252963032708067,,
24,1121,-2.494,Parallel Displaced Benzene Dimer Interplane 3.4,3,,,,0.0018541762639188164,0.0021221704462277557,0.000803229101109082,,0.0006091092818110155,0.0008047706783713693,-0.0005363686227042308,,,,,,,-0.0014362017552116413,,,,-0.0008515443586247784,-0.0020202219511702424,,
25,1122,-2.582,Parallel Displaced Benzene Dimer Interplane 3.4,3,,,,0.001541409066135202,0.0018645294368866416,0.0005687831987870595,,0.0004054010301501876,0.0005038114092599244,-0.0007421301199315167,,,,,,,-0.0016628746768674318,,,,-0.0010741508233422792,-0.0022360437247357368,,
26,1123,-2.639,Parallel Displaced Benzene Dimer Interplane 3.4,3,,,,0.0013618326925666224,0.0016709002282482288,0.00038751092841948775,,0.0001302946262740079,0.00030024974097386803,-0.0008417495729986513,,,,,,,-0.0017257540939112914,,,,-0.0012244902738416386,-0.002494660212278177,,
27,1124,-2.664,Parallel Displaced Benzene Dimer Interplane 3.4,3,,,,0.001196464471888703,0.0014787214323632725,0.0002770773650127012,,-1.9506797343638027e-05,0.00015527129477277413,-0.0009908302412782177,,,,,,,-0.0018956231378979282,,,,-0.001378420333082886,-0.0025754318371582485,,
28,1125,-2.666,Parallel Displaced Benzene Dimer Interplane 3.4,3,,,,0.0011101613631012697,0.0013026200820149825,6.302791689449805e-05,,-0.00010552683852438349,4.6660626082939416e-05,-0.001046784200525508,,,,,,,-0.001880604847315226,,,,-0.0014552871115824928,-0.0025778027488172484,,
29,1126,-2.646,Parallel Displaced Benzene Dimer Interplane 3.4,3,,,,0.001065471945310037,0.0012135547128764301,2.6819544132195006e-06,,-0.00017723810509551186,-6.158094078045906e-05,-0.0010753250094239775,,,,-0.002280650775333015,,,-0.0019218154748159577,,,,-0.001521573847583113,-0.002631014683004196,,
30,1127,-2.608,Parallel Displaced Benzene Dimer Interplane 3.4,3,,,,0.0009510297289239134,0.0010422572245261108,-3.298262441830957e-05,,-0.0002274398516419751,-0.0001268099358071595,-0.0011936084384842616,,,,-0.002297146502939995,,,-0.00195539954609103,,,,-0.0015527297620678837,-0.002606194637507997,,
31,1128,-2.5,Parallel Displaced Benzene Dimer Interplane 3.4,3,,,,0.0008292521910107098,0.0009016358407052394,-4.2281515447939455e-05,,-0.0002449703276283799,-0.00023888249069159428,-0.0011470719944099983,,,,-0.0022202099647756768,,,-0.0018960323148462521,,,,-0.0015469875611984207,-0.0025094189859373728,,
32,1129,-2.375,Parallel Displaced Benzene Dimer Interplane 3.4,3,,,,0.0007144610233922322,0.0007746046326246869,-0.00010009614084083296,,-0.0003011032966355742,-0.00026266805224395284,-0.001112037614120709,,,,-0.0022014629320779022,,,-0.0019042405423306263,,,,-0.0015525007472092511,-0.002501592203373093,,
33,1130,-2.259,Parallel Displaced Benzene Dimer Interplane 3.4,3,,,,0.000590118579737009,0.0006137494825111389,-0.00015105300479945072,,-0.00033904284555319464,-0.0003297664864589933,-0.0011194312702400566,,,,-0.0021072268119155524,,,-0.001832375393746588,,,,-0.0015523835890576265,-0.0024075643419223525,,
34,1131,-2.162,Parallel Displaced Benzene Dimer Interplane 3.4,3,,,,0.00041030705978073456,0.0004559705388942348,-0.00025412343592279285,,-0.0004261681773982673,-0.00046535965060456874,-0.0011728951250233877,,,,-0.0020517042208894054,,,-0.0017923884458923567,,,,-0.0015887054738641382,-0.002292409528081407,,
35,1132,-2.092,Parallel Displaced Benzene Dimer Interplane 3.4,3,,,,0.00023132451866558768,0.0002317370028208643,-0.00039129617232447345,,-0.000618350219099284,-0.0006430863277842036,-0.0011955191412198474,,,,-0.0020483856453665794,,,-0.0017970787347394435,,,,-0.0016627469565833053,-0.0023251900474292597,,
36,1133,-1.318,Parallel Displaced Benzene Dimer Interplane 3.6,10,,,,0.0032366971175292747,0.003452744699586674,0.0021255614396977762,,0.0023025205312592334,0.002374726500192992,0.0009890322955925512,,,,-9.257058349021463e-05,,,0.00018746289271120986,,,,0.0009166571255718736,-0.00032967502505698576,,
37,1134,-1.486,Parallel Displaced Benzene Dimer Interplane 3.6,10,,,,0.0029418493177217897,0.0031065051487075834,0.0018268432274908264,,0.0019315924362786063,0.001972386804652615,0.0006564726910482932,,,,-0.00036892449128345106,,,-0.00021521802710822158,,,,0.0005748344264020488,-0.0006398891099479442,,
38,1135,-1.732,Parallel Displaced Benzene Dimer Interplane 3.6,10,,,,0.0024738359915659203,0.0026375707283818883,0.0013690922436353503,,0.0014203958500615954,0.0014498367509645504,0.00014576499648910612,,,,-0.0008942065082351291,,,-0.0005748017866835653,,,,7.14515772415325e-05,-0.0011980785862419907,,
39,1136,-2.008,Parallel Displaced Benzene Dimer Interplane 3.6,10,,,,0.001956299288451646,0.002093379259918038,0.000878636084109985,,0.000846443272905617,0.0008561360894532299,-0.00032575429486314533,,,,-0.0015279727137453847,,,-0.0010963582333829436,,,,-0.0004915866834949156,-0.0017395308703385126,,
40,1137,-2.271,Parallel Displaced Benzene Dimer Interplane 3.6,10,,,,0.0014170087075626725,0.0015548180011251134,0.00040259899475358907,,0.00024925546108534036,0.0003159716580398708,-0.000850570894442626,,,,-0.001945200894908794,,,-0.0016119629311219796,,,,-0.0010098605231974034,-0.0022766687381476913,,
41,1138,-2.479,Parallel Displaced Benzene Dimer Interplane 3.6,10,,,,0.0009563075432197365,0.001071830552064057,-0.00013149764231457084,,-0.00026327002706239,-0.00015692383971099844,-0.001263652307443408,,,,-0.002359029114643363,,,-0.0020014905160792296,,,,-0.0014625497487941175,-0.002657590942249044,,
42,1139,-2.616,Parallel Displaced Benzene Dimer Interplane 3.6,10,,,,0.0005942758742776277,0.000667538845789295,-0.00045404828216533133,,-0.0006233769902905806,-0.0005546041372781474,-0.0016536426314246455,,,,-0.0026442648335205376,,,-0.002301614277484987,,,,-0.0018126989487541323,-0.0029602920520233056,,
43,1140,-2.654,Parallel Displaced Benzene Dimer Interplane 3.6,10,,,,0.00045077595609654963,0.0005280944602077398,-0.0005214337257939405,,-0.000785465981437028,-0.0006900753736545084,-0.001727632261065537,,,,-0.0027413391019877054,,,-0.0023887047582888954,,,,-0.0019223139732389427,-0.0030668923604935117,,
44,1141,-2.671,Parallel Displaced Benzene Dimer Interplane 3.6,10,,,,0.0003176028890834459,0.00036040657778357854,-0.0006162978546626618,,-0.0009080974375592632,-0.000785605776684406,-0.0018483496620547157,,,,-0.0028264306026812847,,,-0.002480710329791691,,,,-0.0020392555630337483,-0.003103112478527237,,
45,1142,-2.672,Parallel Displaced Benzene Dimer Interplane 3.6,10,,,,0.0002480068021668558,0.0002911559968765687,-0.0007338847228766099,,-0.0009707649044798927,-0.0009227511807239352,-0.0019294530480351568,,,,-0.0028659203446750325,,,-0.002496994466810065,,,,-0.002094118420984614,-0.0031326909089557375,,
46,1143,-2.659,Parallel Displaced Benzene Dimer Interplane 3.6,10,,,,0.00014519882245167537,0.0001820257082272292,-0.0007429038969917201,,-0.0010647986732692516,-0.0009799096508231742,-0.0019552177307673446,,,,-0.0028431361021148405,,,-0.00260166805139761,,,,-0.0021577393230245434,-0.003132414125843752,,
47,1144,-2.631,Parallel Displaced Benzene Dimer Interplane 3.6,10,,,,9.159127796465327e-05,5.502933618117822e-05,-0.0007824061515862013,,-0.0010837013056743672,-0.0010295214867710456,-0.0019699861558137854,,,,-0.0029203938809700958,,,-0.002595686274730724,,,,-0.0021853442902397546,-0.0031296264810407592,,
48,1145,-2.591,Parallel Displaced Benzene Dimer Interplane 3.6,10,,,,3.752780082777463e-05,4.715344357464346e-05,-0.0008321991138586782,,-0.0011066514282447315,-0.0010547482036713518,-0.0019660970561972135,,,,-0.0028885264881068906,,,-0.0025691155362324025,,,,-0.002217631138591969,-0.0031870252089447604,,
49,1146,-2.488,Parallel Displaced Benzene Dimer Interplane 3.6,10,,,,-9.029854794562198e-05,-0.00010333367646353508,-0.000817717472386903,,-0.0010980249558087962,-0.0011082045923558326,-0.001902862250688031,,,,-0.0027606221559608457,,,-0.002449221190033768,,,,-0.0021751066332740265,-0.0030627569679495537,,
50,1147,-2.37,Parallel Displaced Benzene Dimer Interplane 3.6,10,,,,-0.00015477217726811432,-0.0001497844137361426,-0.000833877134539307,,-0.0010915603870103041,-0.001112192275002144,-0.0018369485201787938,,,,-0.0026636167282845236,,,-0.002384498646335942,,,,-0.002131132411705039,-0.0028561618635194463,,
51,1148,-2.253,Parallel Displaced Benzene Dimer Interplane 3.6,10,,,,-0.00020215396534695174,-0.0002647767377652599,-0.0008388545570028327,,-0.0010978089684954284,-0.0011380802803842016,-0.001785683887533196,,,,-0.0025339242845916488,,,-0.0022795640016397556,,,,-0.002085782386984647,-0.0027674224131715164,,
52,1149,-2.142,Parallel Displaced Benzene Dimer Interplane 3.6,10,,,,-0.0002886182218730937,-0.0003345142999364725,-0.0008673157342968807,,-0.0011324414635964786,-0.001161208771065958,-0.0017330683356817644,,,,-0.0024301549777874243,,,-0.002179514199553978,,,,-0.0020578793740924084,-0.0026710568326961948,,
53,1150,-2.046,Parallel Displaced Benzene Dimer Interplane 3.6,10,,,,-0.00042113770086871227,-0.0005047328320415545,-0.0009127089082880957,,-0.0011542495711296397,-0.0012018103368518496,-0.0016996351802731624,,,,-0.0023326700564894054,,,-0.002128332278061862,,,,-0.002041452458342974,-0.0025784903024828054,,
54,1151,3.459,Sandwich Benzene Dimer,1,,,,0.014447774557652338,0.014490076408321784,0.01277045098271401,,0.013500637251468106,0.013662361990952832,0.012046316402859247,,,,,,,0.010249346571413298,,,,0.011268313040261546,0.009792883026136678,,
55,1152,1.484,Sandwich Benzene Dimer,1,,,,0.010144620139612925,0.010296363022177957,0.008738856697902975,,0.009196607179092098,0.009359392394344468,0.007927003684130796,,,,,,,0.006053770340201936,,,,0.007267429650482882,0.005670696470076564,,
56,1153,0.149,Sandwich Benzene Dimer,1,,,,0.007036126358116235,0.007301102396013448,0.005804013643455619,,0.006126312789319854,0.006234417132759518,0.004702079270771264,,,,0.003144505447494339,,,0.0034364399513719945,,,,0.0044115633139654165,0.0027836840314989786,,
57,1154,-0.721,Sandwich Benzene Dimer,1,,,,0.004879727524837563,0.00512040690006188,0.0035983206875584983,,0.003937636090824981,0.004011868186069023,0.0026734523083291606,,,,0.0013562586860302872,,,0.0014920386435619548,,,,0.0023739836727827424,0.0008327230530653651,,
58,1155,-1.256,Sandwich Benzene Dimer,1,,,,0.0033586980139830303,0.0035569723461890135,0.0023108479394409187,,0.00242025412711655,0.0024268329396477384,0.0011851786004513087,,,,1.1105774206043861e-05,,,0.00029942164115936976,,,,0.0010629257949403836,-0.0003205723044743536,,
59,1156,-1.556,Sandwich Benzene Dimer,1,,,,0.0023405867394785673,0.0024546466009951473,0.0012654430771021907,,0.0013784879806735262,0.0013693177872369233,0.00013298094643232616,,,,-0.0007457047476009393,,,-0.0005379104190410544,,,,0.00015218446935705288,-0.0011479083033236748,,
60,1157,-1.693,Sandwich Benzene Dimer,1,,,,0.0016479439189538425,0.0016723961819025135,0.0007054727576587538,,0.0006954935705039134,0.0007014873602315674,-0.0004217478846726408,,,,-0.0012614874156042788,,,-0.0010440332544590092,,,,-0.000409094864664894,-0.0015672547208964716,,
61,1158,-1.719,Sandwich Benzene Dimer,1,,,,0.001173501494406537,0.0011899391774363721,0.00028793499700441316,,0.00022430376975535182,0.0001905260805301623,-0.0007643085947961481,,,,-0.0015654079485898365,,,-0.0012703191880518716,,,,-0.0008124048065951683,-0.001774218658852078,,
62,1159,-1.672,Sandwich Benzene Dimer,1,,,,0.0009845092959608337,0.0008016871324230124,1.996390784597679e-05,,-3.055006811791827e-05,-0.0001496997321623894,-0.0009557836640396999,,,,-0.001649355877873404,,,-0.0013587911472541236,,,,-0.0010004054340129187,-0.0018494381376967794,,
63,1160,-1.582,Sandwich Benzene Dimer,1,,,,0.0007906573032414599,0.0005571998706273007,-0.00014905708434298504,,-0.0001808642103924285,-0.0003489273914851765,-0.0010265363627581792,,,,-0.001643768929000089,,,-0.0013630320472657331,,,,-0.0010496496821588153,-0.0018546866907058757,,
64,1161,-1.464,Sandwich Benzene Dimer,1,,,,0.0006260242325311083,0.000329261661079272,-0.0002465703991560986,,-0.0002760840336009096,-0.00043791314112695545,-0.0010387468319095206,,,,-0.0015563518929866405,,,-0.0012946590405817915,,,,-0.0010774578661880696,-0.001764789760613894,,
65,1162,-1.072,Sandwich Benzene Dimer,1,,,,0.00026510133494639376,-1.1933688483622973e-05,-0.0003035976808405394,,-0.00033465900463625076,-0.0005164184212276268,-0.0009137997053016989,,,,-0.0011987010960865518,,,-0.0009602518910014624,,,,-0.0009386052590230065,-0.00139042725032823,,
66,1163,-0.55,Sandwich Benzene Dimer,1,,,,0.00010144899670194718,-0.00016480358362969127,-0.00018757370281718977,,-0.0001981190236506336,-0.0004067836540571079,-0.0005378139714480312,,,,-0.0006407271649777613,,-0.000290086222832997,-0.0004536023831747116,,,,-0.0006236533550350032,-0.0007426626656865665,,
67,1164,-0.252,Sandwich Benzene Dimer,1,,,,5.872933741102315e-05,-7.084985890060125e-05,-7.202466957778597e-05,,-6.372766819140452e-05,-0.0002305401019953024,-0.00024774483296141625,,,,-0.0002873741137818797,,-0.00017225022116917899,-0.0001767493722582003,,,,-0.0003292084658141903,-0.00034029938120738734,,
68,1165,-0.101,Sandwich Benzene Dimer,1,,,,7.491513866852983e-05,-1.321770525919419e-05,-1.2188879395580443e-05,,1.814031008962047e-05,-8.286511922506179e-05,-8.87003902221295e-05,,,-9.832718683355779e-05,-0.00011207321466599751,,-5.006042516697562e-05,-4.61805599343279e-05,,,-2.4251330728475295e-05,-0.0001475896950751121,-0.0001544575578691365,,
69,1166,-0.029,Sandwich Benzene Dimer,1,,,,7.745533082470502e-05,2.3494444576499518e-05,2.224878937795438e-05,,4.969395126863674e-05,-2.387264197523109e-05,-2.808571957757522e-05,,,-3.636122687566967e-05,-3.986893432283978e-05,,-1.3424383951132768e-06,-1.2863934557572065e-06,,,1.6989515472687344e-05,-6.600519247967895e-05,-6.937448040389427e-05,,
70,1167,0.018,Sandwich Benzene Dimer,1,,,-2.689064103833516e-06,2.6337193446579477e-05,2.6076956032738963e-05,4.3123445152559725e-06,,2.800071922592906e-05,4.344281677504114e-05,9.83852186209333e-06,,,2.8901668940761738e-05,2.54037729519041e-07,,2.9681238800094434e-05,2.7923982202082698e-06,,,2.6280900556230335e-05,2.545811156551281e-05,-2.2298507929008338e-06,,
71,1168,2.631,T-shaped Benzene Dimer,2,,,,0.01207515000356807,0.012065518077406523,0.011298466091773207,,0.011471974670143936,0.011450897289648765,0.010647335620205922,,,,,,,0.007665856017240458,,,,0.009328493937005078,0.008492138625854295,,
72,1169,1.533,T-shaped Benzene Dimer,2,,,,0.00978918674451279,0.009765672520018143,0.009007171966345595,,0.009211174027143443,0.00918092607497556,0.008434368539326442,,,,,,,0.005674864700665694,,,,0.0071541978705340625,0.006367644403326267,,
73,1170,0.616,T-shaped Benzene Dimer,2,,,,0.007828031059887053,0.007809133242005828,0.007104012823390349,,0.007265609509886417,0.007218728668192398,0.006474064791007095,,,,,,,0.003992376088604033,,,,0.005310268787070527,0.004566935080276835,,
74,1171,-0.77,T-shaped Benzene Dimer,2,,,,0.004715282478741756,0.004689630392306299,0.004025685145279567,,0.0041608081851336465,0.004076465501725579,0.0033562356121024095,,,,,,,0.0013176818419537994,,,,0.0023929357837459975,0.0017119663147582287,,
75,1172,-1.682,T-shaped Benzene Dimer,2,,,,0.0024729018390985402,0.002450388103000023,0.0018328110483594173,,0.001926078246015095,0.001815724291702736,0.001201846500521242,,,,-0.0005671692529745087,,,-0.0004380399253136602,,,,0.0003582333835083773,-0.00028974928881098094,,
76,1173,-2.246,T-shaped Benzene Dimer,2,,,,0.0008706016291171181,0.000834278717604775,0.0003109477508473901,,0.00035730707929815253,0.000253503555086354,-0.0002930063271264771,,,,-0.0018196685001612423,,,-0.0016718270773594668,,,,-0.0010771537784535212,-0.0016778256559746296,,
77,1174,-2.559,T-shaped Benzene Dimer,2,,,,-0.00023093885471325848,-0.0002703816714415552,-0.0007202298434663135,,-0.0007161732375493557,-0.0008099499272020694,-0.0012700619573706717,,,,-0.002539383488567637,,,-0.002415723682247517,,,,-0.001983891520239922,-0.0024680881973040414,,
78,1175,-2.693,T-shaped Benzene Dimer,2,,,,-0.0009405672609545945,-0.001031922239690175,-0.0014231868639740242,,-0.001424489750036173,-0.001529206169891495,-0.00189931935307186,,,,-0.0029585017564954796,,,-0.0028482976355235223,,,,-0.0025497582502680416,-0.002951667210766118,,
79,1176,-2.702,T-shaped Benzene Dimer,2,,,,-0.0013986329922772711,-0.0015073398908498348,-0.0018179805018121442,,-0.0018579121331754322,-0.001981338006430633,-0.002292473032014186,,,,-0.003150974388972827,,,-0.00304006967485293,,,,-0.0028703276668693434,-0.0031990033667739226,,
80,1177,-2.629,T-shaped Benzene Dimer,2,,,,-0.001662427504641073,-0.0017702215443478053,-0.002020941045714153,,-0.0020896402927519375,-0.0021820413487034784,-0.0024684320800929527,,,,-0.0032151731141425444,,,-0.0031101244464366573,,,,-0.003011578848031604,-0.003294683756791983,,
81,1178,-2.504,T-shaped Benzene Dimer,2,,,,-0.0017621530011524555,-0.0018985426323183674,-0.0020976031166242137,,-0.0021859960680217227,-0.0022892181320344207,-0.0025127567272420492,,,,-0.003136964424470534,,,-0.003036126419942775,,,,-0.002986282645395022,-0.0032414631248229853,,
82,1179,-2.349,T-shaped Benzene Dimer,2,,,,-0.0017998888936858748,-0.0019305859451037577,-0.002073656360323639,,-0.002184835992693479,-0.00228437326296671,-0.002480317294100587,,,,-0.0030090092985801675,,,-0.0029067771108657325,,,,-0.0029202955358869076,-0.0031203568708519924,,
83,1180,-2.18,T-shaped Benzene Dimer,2,,,,-0.0017507117532318262,-0.0018823576465933911,-0.0020036511305647764,,-0.0021089873907271794,-0.0022186013745226774,-0.0023784469889278625,,,,-0.002848826388174075,,-0.0025324464123741564,-0.002742399847022625,,,,-0.0027798731757684436,-0.002958537958818397,,
84,1181,-2.006,T-shaped Benzene Dimer,2,,,,-0.001660130644779656,-0.0018151112035980077,-0.0019030500038752507,,-0.0020062122903823365,-0.0021243134106043726,-0.0022537206109518593,,,,-0.0026540052131736047,,-0.002382794646337061,-0.0025549632279648904,,,,-0.002620924047164408,-0.002761827598021682,,
85,1182,-1.834,T-shaped Benzene Dimer,2,,,,-0.001570147121356058,-0.0017357052662987371,-0.0017872806818104436,,-0.0018749189546269918,-0.0019955965922804353,-0.002106570626267512,,,,-0.00245203776762537,,-0.002213413953882082,-0.0023636624659957306,,,,-0.002445885361112232,-0.0025478423083882262,,
86,1183,-1.243,T-shaped Benzene Dimer,2,,,,-0.0011758402217765251,-0.0012869424810446617,-0.0012948980320857117,,-0.00138984964081601,-0.001515696828732871,-0.0015387185826511995,,,,-0.0017363258079399202,,-0.0016104747517715623,-0.0016625858773409163,,,,-0.0017734972496441515,-0.0018239733447558137,,
87,1184,-0.753,T-shaped Benzene Dimer,2,,,,-0.0007569752935410179,-0.0008265680146450904,-0.0008210881160835015,,-0.0009048477076589734,-0.0009885651695071829,-0.0009901607980395966,,,-0.0010797046008974576,-0.0010920704154955274,,-0.0010296956701267845,-0.0010411391707521034,,,,-0.001144079331197645,-0.001143995750680915,,
88,1185,-0.468,T-shaped Benzene Dimer,2,,,,-0.000496543476970146,-0.0005416299557623461,-0.0005401431532732204,,-0.0006031806885857804,-0.0006445226209166321,-0.0006430616505213038,,,-0.0006991417836843539,-0.0007063265987312661,,-0.0006611539820937651,-0.000667353666017334,,,,-0.0007307117964501231,-0.0007250951335322497,,
89,1186,-0.302,T-shaped Benzene Dimer,2,,,,-0.0003310435453727223,-0.0003558802108614145,-0.00037060024425272786,,-0.00040370898392438903,-0.0004281270825572392,-0.0004354070925387532,,,-0.0004701704012290975,-0.00048101050202831175,,,,,,-0.0004467335368190106,-0.0004837575319811549,-0.0004885188818661845,,
90,1187,-0.203,T-shaped Benzene Dimer,2,,,,-0.00022586105006894286,-0.00024682108494289423,-0.00027251181933252155,,-0.00027715216839396817,-0.00029959534163026547,-0.0003193603980662374,,,-0.0003236578644987276,-0.00034181845956027246,,,,,,-0.00030250474458171084,-0.0003283454203142355,-0.0003413490101706884,,
91,1188,2.386,Benzene-H2S,4,,,,,,,,,,,,,,,,,,,,-0.015541866946250593,,,,
92,1189,1.246,Benzene-H2S,4,,,,,,,,,,,,,,,,,,,,-0.018385717210321673,,,,
93,1190,-0.458,Benzene-H2S,4,,,,,,,,-0.06721036390945301,,,,,,,,,,,,-0.023087962550221164,,,,
94,1191,-1.57,Benzene-H2S,4,,,,,,,,-0.07063355473303545,,,,,,,,,,,,-0.02658918445774816,,,,
95,1192,-2.254,Benzene-H2S,4,,,,,,,,-0.07311625372676644,,,,-0.07503111993469247,,,,,,,,-0.029288037310038817,,,,
96,1193,-2.635,Benzene-H2S,4,,,,,,,,-0.07498712187214096,,,,-0.07644497830358432,,,,,,,,-0.03115608661244096,,,,
97,1194,-2.805,Benzene-H2S,4,,,,,,,,-0.07614910020822663,,,,-0.07667360386005839,,,,,,,,-0.03185969292883328,,,,
98,1195,-2.831,Benzene-H2S,4,,,,,,,,-0.07693829033053134,,,,-0.07738477628913643,,,,,,,,,,,,
99,1196,-2.763,Benzene-H2S,4,,,,,,,,-0.07773463713385809,,,,-0.07783706465238538,,,,,,,,,,,,
100,1197,-2.636,Benzene-H2S,4,,,,,,,,,,,,-0.0778585115400574,,,,,,,,,,,,
101,1198,-2.476,Benzene-H2S,4,,,,,,,,,,,,-0.07803842393263949,,,,,,,,,,,,
102,1199,-2.299,Benzene-H2S,4,,,,,,,,,,,,-0.07812453251517582,,,,,,,,,,,,
103,1200,-1.768,Benzene-H2S,4,,,,,,,,,,,,-0.07808029658554005,,,,,,,,,,,,
104,1201,-1.39,Benzene-H2S,4,,,,,,,,,,,,-0.07793770525256605,,,,,,,,,,,,
105,1202,-1.089,Benzene-H2S,4,,,,,,,,,,,,-0.07779809684006977,,,,,,,,,,,,
106,1203,-0.857,Benzene-H2S,4,,,,,,,,-0.07860238578371082,,,,-0.07767144334036402,,,,,,,,,,,,
107,1204,-0.68,Benzene-H2S,4,,,,,,,,-0.07854439818481751,,,,-0.07758186064666006,,,,,,,,,,,,
108,1205,-0.442,Benzene-H2S,4,,,,,,,,-0.07841144274607359,,,,-0.07742451438446096,,,,,,,,,,,,
109,1206,-0.3,Benzene-H2S,4,,,,,,,,-0.07830670747546264,,,,-0.07731429311411375,,,,,,,,,,,,
110,1207,-0.212,Benzene-H2S,4,,,,,,,,-0.07827935326008628,,,,-0.07721899467924231,,,,,,,,,,,,
111,1208,-0.154,Benzene-H2S,4,,,,,,,,-0.078314206519849,,,,-0.07716177565669113,,,,,,,,,,,,
112,1209,1.281,Benzene-Methane,5,,,0.0036589553953376708,0.0070444369310393995,0.0070894715919394,0.006919721110932642,,0.006734290076906291,0.006763013726185818,0.006465766870690004,,,0.004639417149860492,0.004350819584601595,0.004600634140842885,0.0046478555966018575,0.004366670384513327,,,0.0051344977744065545,0.005149585295782799,0.004879703438518845,,
113,1210,0.685,Benzene-Methane,5,,,0.002589448789706239,0.005739765955411258,0.00578378824786796,0.005623735902133831,,0.0054307762019334405,0.0054625397232257455,0.005194435594717106,,,0.0035246634118379916,0.003213939532599852,0.003491496054948584,0.003560772033097237,0.003239731727603612,,,0.003914717957911762,0.003931618734327458,0.003653232572332854,,
114,1211,-0.213,Benzene-Methane,5,,,0.0009228456121945783,0.0036704369508129275,0.003714430295360671,0.003513862391685052,,0.0033701273363817563,0.003397660763255317,0.003147663543984436,,,0.0017885467066207639,0.0015214958897331599,0.001758325167656949,0.0018605933867661406,0.001560906331235401,,,0.0020121438218438925,0.0020344513098962125,0.0017800619358467884,,
115,1212,-0.804,Benzene-Methane,5,,,-0.00023321802433429184,0.0021692710332672505,0.002246666179928525,0.002045629441397523,,0.0018814083745155585,0.0019077917847880599,0.001689672826955757,,0.0005315817187465655,0.0005961029038985544,0.00032352572787885947,0.0005577213499918798,0.0006401212965556624,0.0003698643375287247,,,0.0006726420555196455,0.0006928295742341106,0.00046220543629260646,,
116,1213,-1.171,Benzene-Methane,5,,,-0.0009608966544760733,0.001105433078976148,0.0011726345102829328,0.0009647895627153957,,0.0008287859900519834,0.0008460980818085773,0.0006732796974802113,,-0.0002881714156046655,-0.00022778270653134314,-0.00047332049081205696,-0.0002616101835997142,-0.0001672584207312866,-0.00043194327633955254,,,-0.00023762984039876756,-0.0002292714091822745,-0.00041597995482334227,,
117,1214,-1.376,Benzene-Methane,5,,,-0.0013922130820560596,0.00038833524109804785,0.0004431642155964255,0.0002616046173216091,,0.00010499124596208276,0.00011575097488503161,-6.086693673523769e-05,,-0.0008127874693855119,-0.000785309811078605,-0.0009751314133268352,-0.0007844746161254079,-0.000726193296202382,-0.000941974455372474,,,-0.0008464321737733371,-0.0008486050192573202,-0.0009917309178035794,,
118,1215,-1.468,Benzene-Methane,5,,,-0.0016464363624209,-9.967581729597441e-05,-3.9169117258097685e-05,-0.00020689737226575744,,-0.0003634047801597262,-0.0003527521032538061,-0.0005076370905499061,,-0.0011337302047422781,-0.0011082285756174315,-0.001283344426781241,-0.0010979061068496776,-0.001061707674068657,-0.0012350803694971546,,,-0.0012091547396835267,-0.0012228256034063634,-0.001342280155483877,,
119,1216,-1.481,Benzene-Methane,5,,,-0.00177458473376646,-0.00039458422588722897,-0.0003546743727156354,-0.0005014196318597897,,-0.0006701650000309201,-0.0006543398103531217,-0.0007903152347807918,,-0.0012952850077567746,-0.0012901213303280201,-0.0014678037757107631,-0.0012693288367700006,-0.0012417647270694943,-0.001431635536732756,,,-0.0014071615757416112,-0.0014013769078360383,-0.0015538104240704342,,
120,1217,-1.443,Benzene-Methane,5,,,-0.0018405606172109401,-0.0005853214209423641,-0.0005622731233074774,-0.0006750672251314427,,-0.0008513031672237048,-0.0008303442351689228,-0.0009487047425977835,,-0.0013770330755846771,-0.0013694285468091039,-0.0015231149766918861,-0.0013240615037375392,-0.001322782715988069,-0.0014822500051536736,,,-0.0014970678346344357,-0.0014942598851916955,-0.00161985675009646,,
121,1218,-1.373,Benzene-Methane,5,,,-0.0017781486542389757,-0.0006858469502049047,-0.0006746031055513413,-0.0007829371536445251,,-0.0009161723834836266,-0.0009252889253730245,-0.0010233009889475397,,-0.0013818647836956188,-0.0013782375664845858,-0.0015115374320657793,-0.0013127142652251678,-0.0013276184797632595,-0.00146625341045592,,,-0.001501965687793927,-0.001500929045846533,-0.001619645255004798,,
122,1219,-1.283,Benzene-Methane,5,,,-0.001685368123560238,-0.0007206046079204498,-0.0007394672007876579,-0.000815363269680347,,-0.0009404485665527318,-0.0009574498179176771,-0.0010407813343817907,,-0.001331622580835301,-0.0013410753016955823,-0.001461926699050764,-0.0012913586062950344,-0.0012945030459263762,-0.0014123221721433765,,,-0.0014545146035516154,-0.0014725806441902023,-0.0015718102962978264,,
123,1220,-1.185,Benzene-Methane,5,,,-0.0015795956903730257,-0.0007079271733800852,-0.0007429832755860843,-0.0008076460254073936,,-0.0009296348318343917,-0.0009643016427389739,-0.0010199147678804366,,-0.0012478011935854738,-0.001275736158561358,-0.0013874312518851184,-0.0012222024196830716,-0.001231660069947793,-0.0013407326366632333,,,-0.0013891803678234282,-0.001405312999565922,-0.0014874346711053477,,
124,1221,-0.985,Benzene-Methane,5,,-0.0012677992058911514,-0.001335420681357391,-0.0006630553099284953,-0.0007056327111740757,-0.0007378072095889365,,-0.0008462712106052095,-0.0008775309862585345,-0.0009257272458285115,,-0.0010818837579336105,-0.001125102877210793,-0.0011851243135083678,-0.0010498974098140934,-0.0010751650954716752,-0.0011422586782146027,,,-0.0012127492467470802,-0.0012433817083206122,-0.0012832570083105566,,
125,1222,-0.801,Benzene-Methane,5,,-0.0010568965890342952,-0.0011033562968236765,-0.0005827953600601177,-0.0006199021647148584,-0.000633720226630885,,-0.0007430436435811316,-0.0007851078341332141,-0.0008345223588435147,,-0.0008957360571457684,-0.0009410895403902941,-0.0009818830072276796,-0.0008638643355993736,-0.0009002496306038665,-0.0009436578038162224,,,-0.001023596391803494,-0.001049213293754292,-0.0010923849885671189,,
126,1223,-0.645,Benzene-Methane,5,,-0.0008769315114136589,-0.000902832352551286,-0.0004874591265320305,-0.0005200376869538559,-0.0005319116961572945,,-0.0006331181431846744,-0.0006556842213285563,-0.000681487473116249,,-0.0007427985692061156,-0.0007860471874892028,-0.0008098691151303683,-0.0007005796413750431,-0.0007477009152125902,-0.0007663678766789417,,,-0.0008419866658755382,-0.0008717519709193766,-0.0008885393396553809,,
127,1224,-0.517,Benzene-Methane,5,,-0.0007103599472770838,-0.0007329792825316872,-0.0004145032906990309,-0.00043421130692422594,-0.0004399595779318588,,-0.0005246523642767897,-0.0005432846509165756,-0.0005513388726399171,,-0.0006070010012422244,-0.0006381175033993713,-0.0006544001110455611,-0.0005717209950830693,-0.0006030104495948763,-0.0006195574965772721,,,-0.0006810756063373447,-0.0007068210419447496,-0.000711925971643268,,
128,1225,-0.414,Benzene-Methane,5,,-0.0005724402707869558,-0.0005867173965157235,-0.00034067775413859636,-0.0003569063418353835,-0.0003624057841875583,,-0.0004322628264503692,-0.00044419419816676964,-0.00045130167131901544,,-0.0004956230235961812,-0.0005158092075134846,-0.0005277216311014854,-0.00046452287807596804,-0.0004864435231866082,-0.0005000561209840271,,,-0.0005548163088064939,-0.0005740805605682908,-0.0005794202441506968,,
129,1226,-0.332,Benzene-Methane,5,,-0.00046279449782105075,-0.00047420177372714534,-0.0002806859567954234,-0.00030353808210747957,-0.00030379537605540463,,-0.00035750627898778475,-0.00037365234044273166,-0.00037484771900153646,,-0.0004036512613652121,-0.00042289640390436034,-0.00042904325596282433,-0.00037893404106625894,-0.0003985946913758198,-0.0004062277831735628,,,-0.00044809276187152136,-0.00046428471682702366,-0.00046426612715322335,,
130,1227,-0.268,Benzene-Methane,5,,-0.0003815539193396944,-0.0003846904130000439,-0.00022939686391509895,-0.0002493293559950871,-0.0002494403613582108,,-0.00030930793076322516,-0.00032525299172903033,-0.0003084424304802269,,-0.0003300771465433172,-0.0003506980840484175,-0.0003546309685589222,-0.0003086071092184284,-0.0003312991493089612,-0.00033556019639036094,,,-0.000371092932425654,-0.00039190918249687456,-0.0003830266128943549,,
131,1228,-0.177,Benzene-Methane,5,,-0.00026095670824588524,-0.0002618484204504057,-0.00015954034267906536,-0.0001702316257592429,-0.00017024701014634047,,-0.00019859606908312344,-0.00020805258611744648,-0.00021458977778365806,,-0.00022045337158260736,-0.00023991816141233357,-0.00024096518131955236,-0.00020657686604863557,-0.00022601421034096347,-0.00022729135537247203,,,-0.0002452781420174688,-0.0002602107319376046,-0.00026062637169843583,,
132,1229,0.57,Methane Dimer,6,0.0016303394656205228,0.0016258106097239988,0.0016737164444577957,0.003320630764449106,0.0033197269673621577,0.0033647432578334247,,0.0032684971653225148,0.0032564561647348,0.00330278575263776,,0.0021290099821129616,0.002136953399912045,0.002160924912260498,0.0021525598268112844,0.00216112780483968,0.0022041463998760946,,,0.0021741818114549005,0.0021303352942538822,0.0022237252118628703,,
133,1230,0.291,Methane Dimer,6,0.0011219561548756474,0.0011353434386194294,0.0011954958445130615,0.002663487529360964,0.0026676498758888556,0.0027109890268235404,,0.0026077940944588818,0.0026059742918818074,0.002648538745887663,,0.0015942323558704175,0.0016037112133915343,0.0016262265465343262,0.0016207763733575575,0.0016290183043565776,0.0016721531408876444,,,0.001591625947327202,0.0015536504938609141,0.001642977708854687,,
134,1231,0.069,Methane Dimer,6,0.0007134748492774179,0.0007155472689106546,0.000771464259614163,0.0021055139865922,0.0021353544152731274,0.0022334322723054356,,0.0020571766252288626,0.0020665126325809524,0.002172139874986101,,0.0011573111814726644,0.0011668584794790604,0.0011869583917132331,0.0011825351192840117,0.0011916092999229022,0.0012326834843605639,,,0.0011077296759793853,0.0010836658263002619,0.0011693839380626514,,
135,1232,-0.239,Methane Dimer,6,0.00011542816559995117,0.00012233636226710587,0.00017594619248484378,0.0012857627054216891,0.0013105086455738046,0.0013914914080999097,,0.0012394451599249123,0.0012471519444403611,0.0013388740206323746,,0.0005074743147872596,0.0005253365716697544,0.0005479512184791702,0.0005250881719405243,0.000552006122134685,0.0005807893909519635,,,0.0004252056781126612,0.00040750954586599164,0.0004752346018364051,,
136,1233,-0.417,Methane Dimer,6,-0.00026196315900506306,-0.00024357199993119139,-0.00019467264968398013,0.0007274445494829251,0.0007517227765703183,0.0008185737356285472,,0.0006759038635095749,0.0006981323594601463,0.0007675910148776666,,7.645256067689843e-05,0.00011213762600448263,0.00020397056896115373,0.0001023609569870132,0.00013733391551795648,0.0002317130479809748,,,-2.6334614233292086e-05,-1.860537750530966e-05,2.677484145863218e-05,,
137,1234,-0.508,Methane Dimer,6,-0.00048260647267284185,-0.0004719391363039449,-0.00034677081235656715,0.00035681404638410186,0.0003788758025820016,0.0004363880843527568,,0.00030827862353532964,0.0003294135432128087,0.00039057591666846747,,-0.00017621722183491784,-0.00014475527841284475,-7.284403255880534e-05,-0.00015331109638339058,-0.00012295906132919754,-5.0339374510599555e-05,,,-0.00031228500661484304,-0.00029624041437159576,-0.00016082828445007635,,
138,1235,-0.541,Methane Dimer,6,-0.0005869229824781996,-0.000581515091454321,-0.00047502495181106497,0.00012700313618552173,0.00013486741806900682,0.00018471440169776088,,7.276373337106179e-05,9.114819944500141e-05,0.0001422725812290082,,-0.00032175677718271345,-0.00029538793891958903,-0.00023265788014725786,-0.00030530799837436007,-0.0002767422143250542,-0.00021237553407615906,,,-0.0004645930524134201,-0.00044616335938485463,-0.0003331205546430738,,
139,1236,-0.539,Methane Dimer,6,-0.0006099835563446732,-0.0006256048408772585,-0.0005348201374033579,-2.4983502541431335e-05,-1.770820607305268e-05,1.2146542459845477e-05,,-7.23437235876645e-05,-5.8546232594380854e-05,-1.7033596932947148e-05,,-0.00038941376401169236,-0.0003736254838457853,-0.0003158431128014172,-0.00037296341960768586,-0.0003593572633064923,-0.0003122572580451788,,,-0.0005368181175100517,-0.0005223129852964803,-0.00041907211762293173,,
140,1237,-0.515,Methane Dimer,6,-0.0006122969173389947,-0.0006280440212975691,-0.0005495046243737534,-0.00010841827781860047,-0.00011021294369584211,-6.314897409254172e-05,,-0.0001490735094904494,-0.0001466471050122209,-9.883161776258476e-05,,-0.00041273770447958213,-0.00040663189992073967,-0.0003764221847433191,-0.0004031622739830709,-0.00039353845716050273,-0.00036289178474646633,,,-0.0005467702905264105,-0.0005448282632585233,-0.00045898598774840593,,
141,1238,-0.48,Methane Dimer,6,-0.0005843679705179738,-0.0005874450503569051,-0.0005201073545180179,-0.00016107143547117175,-0.00016266882840909602,-0.0001252225892756087,,-0.00019487494539305317,-0.00019480234389845918,-0.00015356644563269128,,-0.0004157417993724266,-0.00041001714748745144,-0.0003832482471466392,-0.0004040632507411601,-0.0003979640858347011,-0.00038695021206081037,,,-0.0005385068060235199,-0.0005405531798743368,-0.0004664605232704844,,
142,1239,-0.439,Methane Dimer,6,-0.0005492727392351071,-0.0005699131766476739,-0.0005112636881108301,-0.00018507510040421948,-0.0001851769509926271,-0.00015563656623385214,,-0.00021550914468093652,-0.00021612826449768363,-0.00018166001831332323,,-0.00039667108282515073,-0.0003953654468205059,-0.00036369315034789906,-0.00038454612150928824,-0.0003857829411799685,-0.00036862575240093065,,,-0.0005115539693321125,-0.0005179921570999113,-0.00045079835093986276,,
143,1240,-0.396,Methane Dimer,6,-0.0005018741981501762,-0.0005038179228478157,-0.00045384974089301977,-0.00019958437658829098,-0.00019578713259704728,-0.00016815566846162255,,-0.00022175929332490796,-0.00022043051079378984,-0.00019172706903702874,,-0.00037256380080918916,-0.000373451248393053,-0.00034330098459633973,-0.000362943491197143,-0.0003649535279208749,-0.0003396261607520046,,,-0.0004775444137692375,-0.0004828905334193223,-0.00042388402759740984,,
144,1241,-0.354,Methane Dimer,6,-0.0004544128338750397,-0.0004548538727107143,-0.00041525858340207833,-0.00019180603575819077,-0.00018926840094479758,-0.00016884565447128352,,-0.00021621250640180278,-0.00021362376871536526,-0.00019153784914749394,,-0.00034230958989667215,-0.0003430000209334594,-0.000316575126376506,-0.00033379429265778526,-0.00033544463801149504,-0.0003154518510370963,,,-0.0004395948728728172,-0.0004416872094878954,-0.0003912148222724454,,
145,1242,-0.315,Methane Dimer,6,-0.00040878005870581546,-0.00040821479805686067,-0.0003723084918760833,-0.00017865642921321978,-0.000177580213360784,-0.00016348359346807229,,-0.00020347256419483983,-0.00020077455022260438,-0.00018424128190019928,,-0.00031487946488084617,-0.0003158628301775934,-0.0002885387621489599,-0.0003067519043042921,-0.00030908561922160516,-0.0002888005091250534,,,-0.00040033258193261645,-0.00040060215917492314,-0.00035557839166244776,,
146,1243,-0.279,Methane Dimer,6,-0.0003676760725142003,-0.0003639337011520638,-0.0003329499001409886,-0.0001689936930517888,-0.00016159888596689598,-0.00015410736841658945,,-0.00018958728037432593,-0.00018279575836288586,-0.00017299738878762128,,-0.00028317841311320535,-0.0002803193825258177,-0.0002604521990718922,-0.00028966376011396733,-0.0002878513360258239,-0.0002608889756601229,,,-0.000360330495738026,-0.0003600886486907484,-0.0003309301753802174,,
147,1244,-0.217,Methane Dimer,6,-0.00028721192013847485,-0.0002802997298658738,-0.00026450902745978055,-0.00014137537210956452,-0.00013137482915226428,-0.00013096240867582765,,-0.0001601648988867055,-0.0001487087834277645,-0.000146567117297991,,-0.0002232529458154886,-0.0002166902312978891,-0.0002084892102232061,-0.00021970417931527209,-0.00021319697729893505,-0.00020704355463863067,,,-0.00028619104480753776,-0.0002736834231029661,-0.0002562295428276684,,
148,1245,-0.168,Methane Dimer,6,-0.00023376070697622708,-0.00021458213649339086,-0.00020523139521344547,-0.00011523783184941294,-0.00010797511303906049,-0.0001076630030496517,,-0.0001313913561773461,-0.0001229258990207427,-0.00012072648794969609,,-0.00017597124617907411,-0.00016560905262963388,-0.0001647677378997514,-0.00017071554169945102,-0.00016163044908523716,-0.00016212893144995633,,,-0.0002263261967101471,-0.00021487484117699296,-0.00020201212188908357,,
149,1246,-0.13,Methane Dimer,6,-0.0001734723958008999,-0.00016177513292348067,-0.00016155944561546676,-9.289196131589961e-05,-8.742360840585661e-05,-8.7276057655572e-05,,-0.00010645656645635881,-0.0001001432564322613,-9.785909720960717e-05,,-0.00013831342388925805,-0.0001305185506765838,-0.0001303171415969473,-0.00013450427717032198,-0.0001276876004396854,-0.00012760121889243692,,,-0.00018006925088798198,-0.00016266575275381,-0.00017540136600757705,,
150,1247,-0.08,Methane Dimer,6,-0.00010696402608800781,-0.00010022100077833329,-9.918431969424546e-05,-5.935629758369032e-05,-5.65136821961687e-05,-5.6466288100409656e-05,,-6.980023998437446e-05,-6.574528195812945e-05,-6.418946088615485e-05,,-8.618518934611075e-05,-8.179110145078994e-05,-8.14649665556999e-05,-8.40648101672059e-05,-7.990696099113848e-05,-7.99057288674021e-05,,,-0.00011199216682200586,-0.00010419503742298275,-9.705721983266358e-05,,
151,1248,-0.05,Methane Dimer,6,-6.73020268777691e-05,-6.320267685566705e-05,-6.30818394142807e-05,-3.9102772646515405e-05,-3.749269471597927e-05,-3.748411359083548e-05,,-4.561917229750634e-05,-4.229498520658126e-05,-4.237824845176874e-05,,-5.411206088012932e-05,-5.242430377450091e-05,-5.230438112846514e-05,-5.285139530997185e-05,-5.120617966269947e-05,-5.1236344944527445e-05,,,-6.942715326374582e-05,-6.510108502766343e-05,-6.230361536552209e-05,,
152,1249,2.368,Pyridine Dimer S2 Configuration,7,,,,0.013738368742792773,0.013901096734969087,0.012111084748767098,,0.012483589542171103,0.01259296791693032,0.011136733848161384,,,,,,,0.009242702715482665,,,,0.010023637887002224,0.008565699514633707,,
153,1250,0.233,Pyridine Dimer S2 Configuration,7,,,,0.008940132660200106,0.009096864275647931,0.007456066486213331,,0.0077127193387696025,0.007799650665788249,0.006188455437268203,,,,0.004307320637508383,,,0.004689234088971261,,,,0.005602160748253482,0.004097759932506051,,
154,1251,-1.17,Pyridine Dimer S2 Configuration,7,,,,0.005536483189075625,0.0057798079270128255,0.004171190025033411,,0.004361643203992571,0.004451954491457855,0.00289291209617204,,,,0.0012895203997231874,,,0.0017008555379334211,,,,0.0025020431558573364,0.0011055017812964252,,
155,1252,-2.051,Pyridine Dimer S2 Configuration,7,,,,0.0031888369080661505,0.0033785215310331296,0.0019120166919606163,,0.0020159976434683813,0.0020875302054719214,0.0007384852430618594,,,,-0.0005931545967428065,,,-0.00026928134030868023,,,,0.0004062400486759543,-0.0009334991574405649,,
156,1253,-2.562,Pyridine Dimer S2 Configuration,7,,,,0.0015871201256913992,0.001752093098559726,0.00041333032311285933,,0.00044336782497111926,0.0004529487981699276,-0.0007598188527140337,,,,-0.0018921619908383036,,,-0.0016028823008014115,,,,-0.000977383876318072,-0.0023203333669243875,,
157,1254,-2.814,Pyridine Dimer S2 Configuration,7,,,,0.000524306128227181,0.0006423335144631892,-0.0005007391618505608,,-0.0005706489009185134,-0.0005609374929917976,-0.0017279687152722545,,,,-0.002692124171858268,,,-0.002418122131871314,,,,-0.001878155510041779,-0.0029557844918599585,,
158,1255,-2.89,Pyridine Dimer S2 Configuration,7,,,,-0.0001324729704492711,-0.00010353961494047326,-0.0011626148283880866,,-0.00124488877429485,-0.0012521565245720012,-0.0022609036348626432,,,,-0.0031524419685524663,,,-0.002813208298562131,,,,-0.0023759389565611855,-0.003474515033872194,,
159,1256,-2.849,Pyridine Dimer S2 Configuration,7,,,,-0.0005343400958963684,-0.0005780742100682801,-0.001495073176272399,,-0.0016336212098622127,-0.0016760725376911978,-0.0025739244715055065,,,,-0.0033029761958118797,,,-0.00300078551885008,,,,-0.002652514168119069,-0.0036088738883108817,,
160,1257,-2.734,Pyridine Dimer S2 Configuration,7,,,,-0.0007461583812755634,-0.0008604439819919207,-0.0016520096281738006,,-0.0018351599539983,-0.0018974725563225547,-0.0026560950571479225,,,,-0.003344705315498686,,,-0.003056012225442828,,,,-0.0027600962479823465,-0.003614690885797245,,
161,1258,-2.575,Pyridine Dimer S2 Configuration,7,,,,-0.0008504615245215064,-0.001035763781374044,-0.0017016185438478715,,-0.0019018248204929478,-0.0019997131897753206,-0.002666323415496663,,,,-0.0032408566212893675,,,-0.0029641323192777236,,,,-0.002725082768279208,-0.0034701410613706685,,
162,1259,-2.394,Pyridine Dimer S2 Configuration,7,,,,-0.0009301504333620869,-0.0011569910024604724,-0.0016780686915467413,,-0.0018816126132037425,-0.0020191319231344096,-0.002597507708799185,,,,-0.00308326478852905,,,-0.002807037176353333,,,,-0.00265584696978749,-0.0033164056250711837,,
163,1260,-2.204,Pyridine Dimer S2 Configuration,7,,,,-0.000956096513959892,-0.0012358605370650366,-0.0016388016592259191,,-0.0018399371927557695,-0.001991210286121259,-0.002480960717889502,,,,-0.0028882917750365777,,-0.002003682526662942,-0.002624799153352342,,,,-0.0025249649118563866,-0.0030920298842715965,,
164,1261,-2.016,Pyridine Dimer S2 Configuration,7,,,,-0.0009619472083386427,-0.0012366730739472587,-0.0015650270050286963,,-0.0017744019609722272,-0.0019279990956420079,-0.0023366886222220273,,,,-0.0026821028268386726,,-0.0019114403272624259,-0.0024194894828610813,,,,-0.002374546702299085,-0.0028737242044485356,,
165,1262,-1.835,Pyridine Dimer S2 Configuration,7,,,,-0.0009388889730530536,-0.001222393294824542,-0.0014790785482432511,,-0.0016629498446718571,-0.0018395254066376765,-0.002181734273449365,,,,-0.002466537776115274,,-0.001796826226666326,-0.0022187308470051903,,,,-0.002234121704532299,-0.0026470736319197385,,
166,1263,-1.664,Pyridine Dimer S2 Configuration,7,,,,-0.0009183159244798844,-0.0012283208876624485,-0.0013829301287273665,,-0.0015667774522967193,-0.0017458119688171791,-0.0020299582870961785,,,,-0.002257103005774752,,-0.0016830298129093535,-0.0020219184505094745,,,,-0.002072284440544081,-0.0024232602299321115,,
167,1264,-1.361,Pyridine Dimer S2 Configuration,7,,,,-0.0008712977875120487,-0.0011224124227737775,-0.0012070251372620078,,-0.0013525551178190653,-0.0015467235615460595,-0.001718947483766442,,,,-0.0018888460580228639,,-0.0014446825827576504,-0.0016747107692367535,,,,-0.001790402274934877,-0.0019927753470483367,,
168,1265,-1.004,Pyridine Dimer S2 Configuration,7,,,,-0.0007434046431740171,-0.0009531866577390247,-0.0009479116882857852,,-0.0010904414743890811,-0.0012932219057688599,-0.001361153280754479,,,-0.0013176293371088832,-0.0014380073066035948,,-0.001179997233919039,-0.001256959188538076,,,,-0.0014312454950413667,-0.0015543277817187118,,
169,1266,-0.62,Pyridine Dimer S2 Configuration,7,,,,-0.000534317373990234,-0.0006515735229299935,-0.000650314720815004,,-0.0007443635425943285,-0.0008864282955300951,-0.0008882334507234191,,,-0.0008937016377785767,-0.0009136417791637541,,-0.0007945374238147451,-0.0008071653957131275,,,,-0.0009586952700715301,-0.0009710591411362657,,
170,1267,-0.403,Pyridine Dimer S2 Configuration,7,,,,-0.0003829379946296285,-0.0004609162801330058,-0.00046081493582050825,,-0.0005253608217117289,-0.0006259670437884779,-0.0006344621904190717,,,-0.0006166601889390222,-0.0006195939051849564,,-0.0005491975186373566,-0.0005507002326226029,,,-0.0005457428005115617,-0.0006563787047184633,-0.000660447603877401,,
171,1268,-0.277,Pyridine Dimer S2 Configuration,7,,,,-0.0002862328359469757,-0.00033346446508630834,-0.00033643294034391147,,-0.00039277433535289674,-0.00045331775288559584,-0.0004592705245158868,,,-0.00045055202201638167,-0.00045752867981718737,,-0.00039953202912101915,-0.0004013655466792443,,,-0.0003960153335924588,-0.00046944433438511624,-0.0004738343387771238,,
172,1269,-0.2,Pyridine Dimer S2 Configuration,7,,,-0.00035697310960358664,-0.00022479483106963016,-0.000248743039492183,-0.0002629165051075688,,-0.00030281216271532685,-0.00033727259102533935,-0.0003490002794137581,,,-0.0003324504830857222,-0.0003448435664381577,,-0.0002933271712208807,-0.00030677800941703026,,,-0.0002997892563598725,-0.0003441978919340727,-0.0003562295851793351,,
173,1270,9.342,Pyridine Dimer T3 Configuration,8,,,,0.025373268911437208,0.02543616192861009,0.024619442761888877,,0.024668985122104914,0.024702915204443343,0.023993191475938147,,,,,,,,,,,0.021994373261975397,0.021311927578210543,,
174,1271,2.792,Pyridine Dimer T3 Configuration,8,,,,0.012447230450845836,0.012516784102331258,0.011815451064364879,,0.011785067586743025,0.01183727364769993,0.011168744742292347,,,,,,,0.008331574607836956,,,,0.009523420230607371,0.008857661483546053,,
175,1272,2.006,Pyridine Dimer T3 Configuration,8,,,,0.010819119135533128,0.01084730007573853,0.010182691312195402,,0.010176461453170305,0.010217981048469937,0.009568222268285353,,,,0.006752249110718367,,,0.006917321000457832,,,,0.007985646840438676,0.007312449029370782,,
176,1273,0.689,Pyridine Dimer T3 Configuration,8,,,,0.008026682018055453,0.008039844391987572,0.00738661352949066,,0.007402642021872907,0.0074210940811099135,0.006759319169816536,,,,0.0043580256435120646,,,0.004525142559771211,,,,0.005370121169960385,0.004768091819300935,,
177,1274,-0.629,Pyridine Dimer T3 Configuration,8,,,,0.005071416908094761,0.00506892092715816,0.004457572802436971,,0.004500583386004564,0.004492976001472471,0.0038596143204472355,,,,0.0018245344942329211,,,0.001976886098759678,,,,0.0026664449654276723,0.0020912265056836077,,
178,1275,-1.355,Pyridine Dimer T3 Configuration,8,,,,0.0033720524377827132,0.0033749365334756476,0.002769010218059975,,0.002802967928346334,0.0027880977835934573,0.0022024909291076256,,,,0.0003514144106020467,,,0.000507917725030893,,,,0.0010780583693303925,0.0004935609513267991,,
179,1276,-2.18,Pyridine Dimer T3 Configuration,8,,,,0.0012720684817963956,0.0012227725580942206,0.0007328829196922015,,0.0007048321284059966,0.0006537993868391823,0.0001475609391263788,,,,-0.0013763994035684846,,,-0.00122805959483685,,,,-0.0008249535088680204,-0.001330636556645004,,
180,1277,-2.65,Pyridine Dimer T3 Configuration,8,,,,-0.00012370577655929083,-0.0001904157228409531,-0.0006391114714006108,,-0.0006787894170656728,-0.0007744679715528946,-0.0011781352528714706,,,,-0.002435772844364692,,,-0.0023117622810104876,,,,-0.0020616190964801717,-0.0025100198694758546,,
181,1278,-2.875,Pyridine Dimer T3 Configuration,8,,,,-0.0010364543779814994,-0.0011370266360017922,-0.0015095214647544708,,-0.0015684302148883944,-0.0016746607515187861,-0.002015495410262247,,,,-0.003058080112737116,,,-0.002937646319082887,,,,-0.00281407309705628,-0.0031563440066406656,,
182,1279,-2.934,Pyridine Dimer T3 Configuration,8,,,,-0.001603666786706981,-0.0017291530479610628,-0.0020192803053760144,,-0.0021251845126926128,-0.0022174236202658903,-0.002507699111731654,,,,-0.0033876307271043515,,,-0.003265794640014974,,,,-0.0032347506495966627,-0.003499346575722484,,
183,1280,-2.885,Pyridine Dimer T3 Configuration,8,,,,-0.0019420178595055404,-0.002068627167432169,-0.0022938576295246094,,-0.0024295797522881912,-0.0025188609245674343,-0.0027666693445098645,,,,-0.0035052235800776543,,-0.0030352264870998624,-0.003395506138303972,,,,-0.003390140618762416,-0.0036190651253491524,,
184,1281,-2.768,Pyridine Dimer T3 Configuration,8,,,,-0.0021151517654516283,-0.002213116867494591,-0.002399965069969312,,-0.002551335545888378,-0.0026527806298304313,-0.0028487326445656436,,,,-0.00348149811645726,,-0.0030829068709294916,-0.0033754476786498344,,,,-0.0016214395502629486,-0.001797825832113631,,
185,1282,-2.612,Pyridine Dimer T3 Configuration,8,,,,-0.0021466424038294463,-0.002268186858145782,-0.0023995515366550535,,-0.0025823685981549716,-0.0026675274663716664,-0.0028195522918395,,,,-0.003373431325940146,,-0.0030395920947512423,-0.0032679929510095462,,,,-0.0033203508787096325,-0.0035010669265034267,,
186,1283,-2.436,Pyridine Dimer T3 Configuration,8,,,,-0.002122437709431324,-0.0022281080939592357,-0.0023345298637309497,,-0.002539842900205258,-0.0026157181799248974,-0.0027412211031787592,,,,-0.0032039750635135533,,-0.0029155292128848487,-0.003105129147797925,,,,-0.003194106003036268,-0.003325804330017945,,
187,1284,-2.254,Pyridine Dimer T3 Configuration,8,,,,-0.00204056260491825,-0.002144122998856801,-0.002236574705932526,,-0.002424165025786351,-0.002516406489860401,-0.0026209444085338873,,,,-0.003014659281348031,,-0.0027603618224816273,-0.0029185805503288975,,,,-0.0030237343264616356,-0.003124032915479802,,
188,1285,-2.073,Pyridine Dimer T3 Configuration,8,,,,-0.0019267250835355298,-0.002067471441876023,-0.002109818146436737,,-0.002285557164043439,-0.0023887035854954775,-0.002472244930515899,,,,-0.0028125989975364973,,-0.002584643768670958,-0.00272209658646716,,,,-0.0028310473389865365,-0.0029172290092560615,,
189,1286,-1.737,Pyridine Dimer T3 Configuration,8,,,,-0.001702273717398839,-0.0018265922971636428,-0.0018400035480681254,,-0.002011641613705706,-0.002124897810517723,-0.0021721534795346997,,,-0.002317673670518161,-0.002417208327017306,,-0.002239835880800456,-0.002330933041719163,,,,-0.002441579927562998,-0.0025151776426355354,,
190,1287,-1.322,Pyridine Dimer T3 Configuration,8,,,,-0.0013755108232089697,-0.0014662992222724824,-0.0014484766375062463,,-0.0016307261062138423,-0.0017296844210363815,-0.0017217235002817688,,,-0.001858150040959572,-0.0018996075872905749,,-0.0017951988138520392,-0.0018231482894179862,,,,-0.001948644650155984,-0.0019580935946805766,,
191,1288,-0.853,Pyridine Dimer T3 Configuration,8,,,,-0.0009369517878781153,-0.0009840732618613401,-0.0009770574329763804,,-0.001126515995167665,-0.0011816791345040656,-0.0011789606618890502,,,-0.001263891456744659,-0.001272855506954329,,-0.0012087989326232673,-0.0012104913188863975,,,-0.0012334082966276583,-0.0013014881540129863,-0.001295574367077279,,
192,1289,-0.574,Pyridine Dimer T3 Configuration,8,,,,-0.0006553893931027233,-0.0006798577125550764,-0.0006886164682100571,,-0.0007949707202214995,-0.0008242284815764833,-0.0008328844789389223,,,-0.0008778012236234645,-0.0008844433729109369,,-0.0008340481527966404,-0.0008384200543787301,,,-0.0008528929853355294,-0.0008908869072001835,-0.0008931340224762607,,
193,1290,-0.297,Pyridine Dimer T3 Configuration,8,,,-0.0005181367935165326,-0.000353846563029947,-0.00037142082373975427,-0.00039966527026535914,,-0.00043456840393218954,-0.00045602057667792906,-0.00047860620890105565,,,-0.0004780135371333927,-0.000504762842240325,,-0.00044837709361900124,-0.00047585659831383964,,,-0.00045214035526441876,-0.00047554702831575923,-0.0005072731308359835,,
194,1291,-0.175,Pyridine Dimer T3 Configuration,8,,,-0.0003219684959390179,-0.00021826837826210976,-0.00022452901259839564,-0.000254796159936177,,-0.000268783805665862,-0.00027650922936572897,-0.00030727495754945267,,,-0.00028691004160918965,-0.0003149244286078101,,-0.0002691768012823559,-0.0002986304548358021,,,-0.0002751446684783332,-0.00028405128796293866,-0.0003196309246504825,,
