,id,Benchmark,System,System #,fno_ccsd_aug_cc_pvtz_1-verytight-CP_C_IE,fno_ccsd_aug_cc_pvtz_1-tight-CP_C_IE,fno_ccsd_aug_cc_pvtz_1-normal-CP_C_IE,fno_ccsd_aug_cc_pvdz_1-verytight-CP_C_IE,fno_ccsd_aug_cc_pvdz_1-tight-CP_C_IE,fno_ccsd_aug_cc_pvdz_1-normal-CP_C_IE,fno_ccsd_jun_cc_pvdz_1-verytight-CP_C_IE,fno_ccsd_jun_cc_pvdz_1-tight-CP_C_IE,fno_ccsd_jun_cc_pvdz_1-normal-CP_C_IE,fno_ccsd_cc_pvdz_1-verytight-CP_C_IE,fno_ccsd_cc_pvdz_1-tight-CP_C_IE,fno_ccsd_cc_pvdz_1-normal-CP_C_IE,fno_ccsd_may_cc_pvtz_1-verytight-CP_C_IE,fno_ccsd_may_cc_pvtz_1-tight-CP_C_IE,fno_ccsd_may_cc_pvtz_1-normal-CP_C_IE,fno_ccsd_cc_pvtz_1-verytight-CP_C_IE,fno_ccsd_cc_pvtz_1-tight-CP_C_IE,fno_ccsd_cc_pvtz_1-normal-CP_C_IE
0,1097,3.239,Parallel Displaced Benzene Dimer Interplane 3.2,9,0.009931660696054223,0.009931660706115508,0.009931660706854473,0.01079678342915713,0.010796783423870693,0.010796783436603619,0.013078623722208249,0.01307862372703994,0.013078623711066939,0.014013538298627282,0.014013538298968342,,0.011221020011646488,0.011221020028017392,0.01122102001050962,0.011551620971260945,0.011551620970692511,0.011551620973136778
1,1098,2.617,Parallel Displaced Benzene Dimer Interplane 3.2,9,0.008833601425294546,0.00883360145195411,0.0088336014235324,0.009662709549161264,0.009662709558369897,0.009662709636643285,0.01192240551984014,0.011922405526775037,0.011922405512166279,0.012912052895444504,0.01291205289538766,0.01291205289572872,0.010090570161764845,0.010090570160059542,0.010090570164948076,0.010441502886237686,0.010441502883963949,0.010441502883111298
2,1099,1.724,Parallel Displaced Benzene Dimer Interplane 3.2,9,0.007250051757068832,0.007250051737287322,0.007250051731830354,0.008031612862225757,0.008031612864556337,0.008031612986030723,0.010258774777412327,0.01025877477496806,0.010258774772864854,0.011318227758692956,0.01131822775892033,0.011318227758692956,0.008470096382552583,0.008470096391420157,0.008470096393409676,0.008833208732539788,0.008833208731459763,0.008833208732539788
3,1100,0.725,Parallel Displaced Benzene Dimer Interplane 3.2,9,0.005467267563176392,0.005467267526341857,0.005467267615415494,0.006190482569138567,0.00619048254924337,0.006190482489728311,0.008382171902155733,0.008382171897437729,0.008382171887944878,0.009510642974476013,0.009510642974817074,0.009510642974817074,0.006642736023025009,0.006642736036781116,0.0066427360410443725,0.007016517790475518,0.007016517792919785,0.007016517793374533
4,1101,-0.223,Parallel Displaced Benzene Dimer Interplane 3.2,9,0.003747571689132201,0.003747571660767335,0.0037475716581525376,0.004418793938214094,0.004418793884838124,0.004418793941454169,0.006567645533380073,0.006567645536222244,0.006567645539576006,0.007754839993481255,0.007754839993879159,0.007754839993936002,0.004877913654127042,0.004877913642246767,0.0048779136388930056,0.00525831540545596,0.005258315406649672,0.005258315407502323
5,1102,-1.001,Parallel Displaced Benzene Dimer Interplane 3.2,9,0.0022883126334249937,0.002288312562086503,0.0022883126022748,0.0029142543884290717,0.002914254410313788,0.002914254386553239,0.005015867958320541,0.005015867949623498,0.005015867955989961,0.00624637714417986,0.006246377143611426,0.0062463771441230165,0.0033733444344079544,0.0033733444355448228,0.0033733444298036375,0.003757684965989938,0.003757684969116326,0.003757684967865771
6,1103,-1.551,Parallel Displaced Benzene Dimer Interplane 3.2,9,0.0011954444619277638,0.0011954445116089119,0.0011954445145079262,0.0017808868956308288,0.0017808868844895187,0.0017808868851147963,0.0038275930343161235,0.0038275930320423868,0.00382759300981661,0.005079761917329506,0.00507976191789794,0.005079761918125314,0.002234881735603267,0.0022348817371948826,0.002234881740093897,0.0026191199935965415,0.0026191199941081322,0.002619119993369168
7,1104,-1.735,Parallel Displaced Benzene Dimer Interplane 3.2,9,0.0007932264130090516,0.0007932264038572612,0.0007932264788905741,0.001357928684228682,0.0013579287114566796,0.001357928772165451,0.0033742035192858566,0.0033742035273007787,0.003374203530597697,0.004630511274683613,0.004630511274910987,0.004630511274854143,0.0018077406236898241,0.0018077406117527062,0.0018077406227803294,0.0021917936208524225,0.002191793621079796,0.0021917936208524225
8,1105,-1.865,Parallel Displaced Benzene Dimer Interplane 3.2,9,0.00047748340483622087,0.000477483423992453,0.00047748336646691314,0.0010245374454598277,0.001024537460978081,0.0010245374436408383,0.0030078491726044376,0.003007849171183352,0.0030078491693643628,0.004262099666334507,0.004262099665936603,0.004262099665822916,0.0014713533275880764,0.0014713533354893116,0.0014713533352050945,0.0018520800300620976,0.0018520800297778806,0.00185208003159687
9,1106,-1.947,Parallel Displaced Benzene Dimer Interplane 3.2,9,0.00024102678992221627,0.00024102683960336435,0.00024102686830929088,0.0007713809823144402,0.0007713809981169106,0.0007713810291534173,0.002718852203940969,0.0027188522097389978,0.002718852209909528,0.0039661435495190744,0.0039661435495190744,0.003966143549860135,0.0012115910987517964,0.0012115910830061694,0.0012115910977286148,0.0015882279790844223,0.00158822797754965,0.0015882279805055077
10,1107,-1.986,Parallel Displaced Benzene Dimer Interplane 3.2,9,7.720073000427874e-05,7.720072255779087e-05,7.720070249206401e-05,0.0005878509638250762,0.0005878510748971166,0.0005878509428498546,0.0024953678374686206,0.0024953678458814466,0.002495367841049756,0.0037299304968314573,0.00372993049637671,0.0037299304964903968,0.001019218644103148,0.0010192186481958743,0.0010192186453537033,0.0013926278466556141,0.0013926278437565998,0.001392627843529226
11,1108,-1.991,Parallel Displaced Benzene Dimer Interplane 3.2,9,-3.5951068582562584e-05,-3.595103680709144e-05,-3.5951081088114734e-05,0.00045980536123124693,0.00045980523765365433,0.0004598052782398554,0.0023240435340312615,0.0023240435369871193,0.002324043532496489,0.003541059535905333,0.0035410595355074292,0.003541059536132707,0.0008828229544519672,0.0008828229615005512,0.0008828229688333522,0.0012479054529421774,0.0012479054547043233,0.0012479054519189958
12,1109,-1.971,Parallel Displaced Benzene Dimer Interplane 3.2,9,-0.00010537511082020501,-0.00010537513179542657,-0.00010537517175635003,0.0003726781535533519,0.0003726781847035454,0.00037267818487407567,0.0021919359426192386,0.0021919359499520397,0.00219193595012257,0.003386911766540379,0.0033869117667109094,0.0033869117669951265,0.0007852983102907274,0.0007852983097791366,0.0007852983117118129,0.0011427123062617284,0.0011427123048974863,0.0011427123052953903
13,1110,-1.891,Parallel Displaced Benzene Dimer Interplane 3.2,9,-0.0001799131570123791,-0.00017991319145949092,-0.0001799131118218611,0.0002734015153578184,0.0002734015246801391,0.00027340153354771246,0.0019938238571626243,0.001993823859038457,0.001993823868360778,0.003130727801305966,0.0031307278017038698,0.0031307278012491224,0.0006599039802495099,0.0006599039953698593,0.0006599039837169585,0.0009991109860152392,0.0009991109862426129,0.000999110989255314
14,1111,-1.795,Parallel Displaced Benzene Dimer Interplane 3.2,9,-0.00023179655278227074,-0.00023179650884230796,-0.00023179653618399243,0.00019499639921605194,0.00019499637090802935,0.0001949964328105125,0.0018093535741172673,0.0018093535685466122,0.0018093535637149216,0.0028775272590451095,0.002877527259101953,0.002877527259101953,0.0005549583187871576,0.0005549583178776629,0.0005549583179345063,0.0008741210587004389,0.0008741210573361968,0.0008741210596099336
15,1112,-1.727,Parallel Displaced Benzene Dimer Interplane 3.2,9,-0.0003238727354641924,-0.00032387271909328774,-0.0003238727005054898,7.297538581951812e-05,7.297536910755298e-05,7.297534079953039e-05,0.0015752141280813703,0.001575214134277303,0.0015752141258076335,0.0025680523972368974,0.00256805239678215,0.002568052397066367,0.0004056830938452549,0.00040568309611899167,0.0004056830907188669,0.0007005877970414076,0.0007005877968140339,0.0007005877964729734
16,1113,-1.702,Parallel Displaced Benzene Dimer Interplane 3.2,9,-0.0004881252992277041,-0.0004881253016151277,-0.00048812526296160286,-0.00012264066288025788,-0.00012264063389011426,-0.000122640644576677,0.0012613917742214653,0.0012613917763815152,0.0012613917817247966,0.0021789008037558233,0.0021789008033579194,0.0021789008033579194,0.00018106869492839905,0.00018106869441680828,0.00018106869890743837,0.000453185754452079,0.00045318575553210394,0.00045318575593000787
17,1114,-1.724,Parallel Displaced Benzene Dimer Interplane 3.2,9,-0.0007257090463781424,-0.000725709027733501,-0.0007257090282450918,-0.0003980711126132519,-0.00039807107327760605,-0.0003980710924338382,0.0008672547774608574,0.0008672547862147439,0.0008672547788250995,0.0017153485653125244,0.0017153485655398981,0.0017153485659946455,-0.00011774045151469181,-0.00011774044929779848,-0.00011774045430001934,0.00013337200033447516,0.00013337199999341465,0.00013337200113028302
18,1115,0.032,Parallel Displaced Benzene Dimer Interplane 3.4,3,0.003567030440308372,0.0035670303953452276,0.003567030411545602,0.004056936671815947,0.004056936754011531,0.004056936694837532,0.005810861620602736,0.005810861621739605,0.005810861628845032,0.0067801700626546335,0.006780170062313573,0.006780170061745139,0.004528952142663911,0.0045289521445965875,0.004528952149883025,0.0048344384681513475,0.004834438467412383,0.004834438468435565
19,1116,-0.294,Parallel Displaced Benzene Dimer Interplane 3.4,3,0.002975686114268683,0.002975686162301372,0.002975686144111478,0.003447085162406438,0.003447085175821485,0.0034470852119738993,0.00517875030942605,0.005178750308175495,0.005178750313348246,0.006190859770754287,0.00619085977047007,0.006190859770413226,0.003914241071242941,0.003914241066922841,0.003914241063284862,0.004230349517513332,0.004230349518024923,0.004230349519389165
20,1117,-0.766,Parallel Displaced Benzene Dimer Interplane 3.4,3,0.0021131629947035435,0.002113163051092215,0.002113162990838191,0.0025620067579552597,0.0025620067810336877,0.0025620067830232074,0.004265689896442382,0.0042656898913833174,0.004265689892633873,0.005331183546502416,0.005331183547298224,0.0053311835468434765,0.0030177503367099234,0.0030177503424511087,0.0030177503442132547,0.003354711927727294,0.0033547119291483796,0.003354711928409415
21,1118,-1.296,Parallel Displaced Benzene Dimer Interplane 3.4,3,0.001131084061682941,0.001131084033204388,0.0011310840472447126,0.0015528005853298055,0.0015528005322380523,0.0015528005399119138,0.003228058597528616,0.003228058595254879,0.00322805860042763,0.00434536434175925,0.00434536434175925,0.004345364340792912,0.0020030496420417876,0.002003049636641663,0.002003049648351407,0.0023527256323632173,0.0023527256330453383,0.002352725632306374
22,1119,-1.8,Parallel Displaced Benzene Dimer Interplane 3.4,3,0.00017738813807000042,0.00017738810652190296,0.00017738816637802302,0.0005728450649939987,0.0005728450254309791,0.0005728450100832561,0.002215337915345117,0.0022153379210863022,0.00221533791523143,0.0033750292056993203,0.0033750292055856335,0.003375029205813007,0.0010156890043049316,0.0010156890056123302,0.0010156890060670776,0.0013751869798284133,0.0013751869793168225,0.0013751869790894489
23,1120,-2.21,Parallel Displaced Benzene Dimer Interplane 3.4,3,,-0.0006284504859195295,-0.0006284504464701968,-0.00026755026544833527,-0.00026755019734991947,-0.00026755027590752434,0.001341381710915357,0.0013413817140985884,0.00134138171512177,0.002529124817101547,0.0025291248167604863,0.0025291248170447034,0.0001713931016524839,0.00017139309852609586,0.00017139309909453004,,0.0005332890736440277,0.0005332890738145579
24,1121,-2.494,Parallel Displaced Benzene Dimer Interplane 3.4,3,-0.0012377593173482637,-0.001237759341279343,-0.0012377593216115201,-0.0009016165218440619,-0.0009016165132607057,-0.0009016164495960766,0.0006674526507595147,0.0006674526566143868,0.0006674526495658029,0.001866088815177136,0.0018660888158024136,0.0018660888150634491,-0.0004718156573062515,-0.00047181564900711237,-0.00047181564508491647,-0.00011047333333635834,-0.00011047333271108073,-0.00011047333219948996
25,1122,-2.582,Parallel Displaced Benzene Dimer Interplane 3.4,3,-0.0014597418393123007,-0.0014597418652897431,-0.0014597418096968795,-0.001135409509515739,-0.0011354095577758017,-0.0011354095402680286,0.0004114340031833308,0.00041143399465681796,0.00041143399528209557,0.0016081884476193409,0.0016081884474488106,0.0016081884472782804,-0.0007107486812856223,-0.0007107486833888288,-0.0007107486758854975,-0.0003512765134132678,-0.000351276512219556,-0.0003512765118216521
26,1123,-2.639,Parallel Displaced Benzene Dimer Interplane 3.4,3,-0.0016291953819518312,-0.001629195340399292,-0.0016291953350560107,-0.0013161204443576935,-0.0013161205044411872,-0.0013161205445157975,0.00020578154737904697,0.00020578154590111808,0.0002057815453895273,0.0013965941363949241,0.0013965941360538636,0.001396594136508611,-0.0008951060576123382,-0.0008951060511321884,-0.0008951060489152951,,-0.0005379272214440789,-0.0005379272238315025
27,1124,-2.664,Parallel Displaced Benzene Dimer Interplane 3.4,3,-0.0017500565614909647,-0.0017500565044770156,-0.0017500565485875086,-0.0014482040572829646,-0.0014482040515986228,-0.001448204065468417,4.650245756465665e-05,4.650246017945392e-05,4.6502448356022796e-05,0.0012267573409303623,0.0012267573412145794,0.0012267573413282662,-0.0010308452925755773,-0.001030845296327243,-0.0010308452864933315,,-0.0006802256120295169,-0.0006802256136779761
28,1125,-2.666,Parallel Displaced Benzene Dimer Interplane 3.4,3,-0.0018287830493477486,-0.0018287830973235941,-0.0018287830435497199,-0.0015376444533217182,-0.0015376444570733838,-0.0015376444820276447,-7.244139447948328e-05,-7.244137725592736e-05,-7.244138600981387e-05,0.0010927751325766621,0.0010927751327471924,0.0010927751328608792,-0.0011269151826240886,-0.0011269151818851242,-0.001126915176712373,,-0.0007816554843316226,-0.0007816554850137436
29,1126,-2.646,Parallel Displaced Benzene Dimer Interplane 3.4,3,-0.0018723736013726011,-0.0018723736101264876,-0.0018723736046695194,-0.0015910486229131493,-0.0015910486296206727,-0.0015910486931147716,-0.0001584790366564448,-0.0001584790471724773,-0.00015847904757038123,0.0009879370675776045,0.0009879370685439426,0.0009879370687713163,-0.0011880544672635551,-0.0011880544537348214,-0.0011880544665245907,,-0.0008493098257531528,-0.0008493098250710318
30,1127,-2.608,Parallel Displaced Benzene Dimer Interplane 3.4,3,,-0.0018853524230735275,-0.0018853523664574823,-0.001615586663490376,-0.0016155866722442624,-0.0016155866558165144,-0.00021760744812127086,-0.00021760745556775873,-0.0002176074509065984,0.0009052153005200125,0.0009052153004063257,0.0009052153004631691,-0.0012213382663048833,-0.0012213382669870043,-0.0012213382605068546,,-0.0008907147405921023,-0.0008907147392847037
31,1128,-2.5,Parallel Displaced Benzene Dimer Interplane 3.4,3,-0.0018658002459801537,-0.0018658002449001287,-0.0018658002903180204,-0.0016120529175509546,-0.001612052848258827,-0.0016120529516001625,-0.00028738802251382367,-0.00028738801825056726,-0.0002873880180231936,0.0007788606255303421,0.0007788606254166552,0.0007788606247345342,-0.0012372339529065357,-0.0012372339516559805,-0.0012372339560329237,-0.000924224011782826,-0.0009242240092248721,-0.0009242240098501497
32,1129,-2.375,Parallel Displaced Benzene Dimer Interplane 3.4,3,-0.0018163698379680682,-0.0018163698666739947,-0.0018163698063631273,-0.001579690639459841,-0.0015796906715195291,-0.0015796906031368962,-0.00033388316256832695,-0.0003338831554628996,-0.00033388316472837687,0.0006657419701809886,0.0006657419701241452,0.0006657419704652057,-0.0012284827099620088,-0.0012284827020607736,-0.0012284827064377168,-0.0009347769999976663,-0.0009347769997134492,-0.0009347769970986519
33,1130,-2.259,Parallel Displaced Benzene Dimer Interplane 3.4,3,,-0.0017805596843913918,-0.001780559694054773,-0.0015594920931789602,-0.001559492090564163,-0.0015594920521380118,-0.00039733219711024503,-0.00039733220171456196,-0.00039733219529125563,0.000532206748232511,0.0005322067478914505,0.0005322067478346071,-0.0012337720802975127,-0.0012337720847312994,-0.001233772078307993,,-0.0009601289247029854,-0.0009601289247598288
34,1131,-2.162,Parallel Displaced Benzene Dimer Interplane 3.4,3,-0.00177591465956084,-0.001775914627955899,-0.0017759146223284006,-0.0015735859431060817,-0.001573585990229276,-0.0015735859536221142,-0.0004978341985975021,-0.0004978342004733349,-0.0004978341997912139,0.0003597198993361417,0.00035971989899508117,0.0003597198996772022,-0.0012723831775929284,-0.0012723831759444693,-0.0012723831727043944,-0.0010148399975946631,-0.0010148399970830724,-0.0010148399975946631
35,1132,-2.092,Parallel Displaced Benzene Dimer Interplane 3.4,3,-0.0018090611808361245,-0.001809061179812943,-0.0018090612157379837,-0.0016259816369483815,-0.0016259816329693422,-0.0016259816430874707,-0.0006401822909651855,-0.0006401822824386727,-0.0006401822947736946,0.00015029989447157277,0.00015029989464210303,0.0001502998945852596,-0.001351298319491434,-0.0013512983105670173,-0.0013512983068153517,-0.001111982204065498,-0.0011119822033265336,-0.0011119822024738824
36,1133,-1.318,Parallel Displaced Benzene Dimer Interplane 3.6,10,,0.0005088972772000488,0.0005088972989710783,0.0008128678327352645,0.0008128677893637359,0.0008128677485501612,0.0021769323749367686,0.0021769323730040924,0.002176932367262907,0.0031724902361247587,0.0031724902363521323,0.003172490236579506,0.0012303550314527456,0.0012303550378192085,0.0012303550372507743,,0.0015282545249419854,0.001528254525283046
37,1134,-1.486,Parallel Displaced Benzene Dimer Interplane 3.6,10,0.0001897097038749962,0.00018970972536180852,0.00018970969858855824,0.0004831860703689017,0.0004831861288039363,0.0004831861510297131,0.0018314055019459374,0.001831405498364802,0.0018314054939310154,0.0028558620398371204,0.0028558620397234336,0.0028558620390413125,0.0008912294645710972,0.0008912294703691259,0.0008912294709944035,0.001200530949347467,0.0012005309491769367,0.001200530948949563
38,1135,-1.732,Parallel Displaced Benzene Dimer Interplane 3.6,10,-0.0002780828380082312,-0.00027808286284880523,-0.00027808284175989684,1.581565641117777e-06,1.581528920269193e-06,1.5815261917850876e-06,0.001328140337932382,0.0013281403385576596,0.0013281403369660438,0.0023902795595631687,0.0023902795589947345,0.0023902795596768556,0.00039903208948999236,0.0003990320902858002,0.00039903208522673594,0.000721737820015278,0.0007217378195036872,0.0007217378199015911
39,1136,-2.008,Parallel Displaced Benzene Dimer Interplane 3.6,10,,-0.0008126017896756821,-0.0008126017918925754,-0.0005514898020351211,-0.0005514897284797371,-0.0005514897655416462,0.0007530479050501526,0.0007530479049364658,0.0007530479084607578,0.0018501277719451537,0.0018501277717746234,0.0018501277714335629,-0.00016193387006069315,-0.00016193387068597076,-0.00016193387034491025,,0.00017128047716141737,0.0001712804757403319
40,1137,-2.271,Parallel Displaced Benzene Dimer Interplane 3.6,10,-0.0013370139275821202,-0.001337013888587535,-0.0013370138988193503,-0.0010939593011016768,-0.0010939593429952765,-0.001093959369939057,0.00018715294930871096,0.00018715294987714515,0.0001871529401000771,0.0013104613643690755,0.0013104613638574847,0.0013104613644827623,-0.0007097400896896033,-0.0007097400878137705,-0.0007097400897464468,-0.0003710897654514156,-0.00037108976232502755,-0.00037108976323452225
41,1138,-2.479,Parallel Displaced Benzene Dimer Interplane 3.6,10,-0.0017856868952321747,-0.0017856869139336595,-0.0017856869478123372,-0.0015604140911023023,-0.0015604141541416539,-0.001560414186599246,-0.00030591389025858007,-0.00030591389918299683,-0.00030591390253675854,0.0008310034818919121,0.000831003482289816,0.0008310034819487555,-0.0011839074280715067,-0.0011839074321642329,-0.0011839074254567095,,-0.0008412922892944152,-0.0008412922900333797
42,1139,-2.616,Parallel Displaced Benzene Dimer Interplane 3.6,10,-0.0021183518209682006,-0.0021183518283010017,-0.0021183518890666164,-0.0019108072683593491,-0.0019108072377775898,-0.0019108072187350444,-0.0006888830052957928,-0.0006888830097295795,-0.0006888830132538715,0.0004470644971092952,0.00044706449699560835,0.0004470644973935123,-0.001541939238904888,-0.0015419392327657988,-0.0015419392426565537,-0.0012006334033571875,-0.0012006334017087283,-0.0012006334017655718
43,1140,-2.654,Parallel Displaced Benzene Dimer Interplane 3.6,10,-0.0022387160441894594,-0.0022387160402672635,-0.002238716090573689,-0.0020384815762213293,-0.0020384816501746172,-0.0020384815694569625,-0.00083489411190385,-0.0008348941164513235,-0.0008348941095164264,0.00029492641266415376,0.0002949264131189011,0.00029492641237993666,-0.0016733593740809738,-0.0016733593836306682,-0.001673359376411554,-0.0013342160420393157,-0.0013342160413003512,-0.0013342160422666893
44,1141,-2.671,Parallel Displaced Benzene Dimer Interplane 3.6,10,,-0.00232565564391507,-0.0023256556498267855,-0.0021348199312569704,-0.002134819908917507,-0.002134819900504681,-0.0009506561760304066,-0.000950656180009446,-0.0009506561833632077,0.00016850082198516247,0.00016850082187147564,0.00016850082181463222,-0.0017736221915924943,-0.0017736221769837357,-0.001773622187215551,,-0.0014378774041574616,-0.0014378774014858209
45,1142,-2.672,Parallel Displaced Benzene Dimer Interplane 3.6,10,-0.002384798311425129,-0.0023847983225664393,-0.0023847983684959217,-0.002201922643052967,-0.0022019226892666666,-0.0022019226899487876,-0.0010397188740398633,-0.0010397188746082975,-0.0010397188705724147,6.577030939070028e-05,6.577030967491737e-05,6.577030950438711e-05,-0.0018447811929149793,-0.0018447811998498764,-0.0018447811937107872,-0.0015137623002487999,-0.0015137623007603906,-0.0015137622983161236
46,1143,-2.659,Parallel Displaced Benzene Dimer Interplane 3.6,10,-0.0024180565908409335,-0.002418056572025762,-0.002418056577198513,-0.002242508968038237,-0.0022425088830004825,-0.0022425089213129468,-0.0011047137422224296,-0.0011047137457467215,-0.001104713741995056,-1.6086685093341657e-05,-1.6086685263871914e-05,-1.608668537755875e-05,-0.0018904179503920204,-0.0018904179574406044,-0.0018904179483456574,-0.0015649726579454182,-0.0015649726588549129,-0.001564972656694863
47,1144,-2.631,Parallel Displaced Benzene Dimer Interplane 3.6,10,-0.002429152078093466,-0.002429152101569798,-0.0024291520782639964,-0.002260810183713602,-0.0022608101987202645,-0.002260810252835199,-0.0011483888819725507,-0.0011483888765155825,-0.0011483888798693442,-8.012565928083859e-05,-8.012565945136885e-05,-8.012565893977808e-05,-0.0019141239334317106,-0.0019141239296232015,-0.0019141239345117356,-0.001595222636581184,-0.0015952226369222444,-0.0015952226393665114
48,1145,-2.591,Parallel Displaced Benzene Dimer Interplane 3.6,10,-0.002422185961734158,-0.0024221859723638772,-0.002422185979128244,-0.002260656095586455,-0.0022606561694260563,-0.0022606560252143026,-0.0011750421055580773,-0.0011750421148235546,-0.0011750421036822445,-0.00013060357372296494,-0.0001306035738934952,-0.00013060357395033861,-0.0019200222641870823,-0.0019200222691324598,-0.0019200222725999083,-0.0016065996839529362,-0.0016065996846350572,-0.0016065996848624309
49,1146,-2.488,Parallel Displaced Benzene Dimer Interplane 3.6,10,,-0.002373141516045507,-0.002373141541397672,-0.0022205420270324794,-0.002220542002419279,-0.002220542015038518,-0.0011925603625400072,-0.0011925603579925337,-0.0011925603538998075,-0.0002039983170902815,-0.00020399831703343807,-0.00020399831674922098,-0.0018957542728230692,-0.0018957542678776917,-0.0018957542724820087,,-0.0015970114022252346,-0.0015970113997809676
50,1147,-2.37,Parallel Displaced Benzene Dimer Interplane 3.6,10,-0.0022943808109516795,-0.0022943807756519163,-0.002294380828232079,-0.002155033877954793,-0.0021550338245788225,-0.002155033814574381,-0.0011884241291681974,-0.001188424130475596,-0.001188424130077692,-0.000263331344854123,-0.00026333134439937567,-0.00026333134468359276,-0.0018457418029811379,-0.0018457418042885365,-0.001845741797296796,-0.001568235580975852,-0.0015682355795547664,-0.001568235579497923
51,1148,-2.253,Parallel Displaced Benzene Dimer Interplane 3.6,10,-0.0022147573372421903,-0.002214757356057362,-0.0022147573482698135,-0.002087698872628607,-0.002087698882348832,-0.0020876989167959437,-0.0011851753200176063,-0.0011851753154132894,-0.0011851753201312931,-0.00032742443556799117,-0.00032742443545430433,-0.00032742443517008724,-0.0017965761007303627,-0.0017965760962397326,-0.0017965761010714232,-0.0015394411672673414,-0.001539441168290523,-0.001539441168176836
52,1149,-2.142,Parallel Displaced Benzene Dimer Interplane 3.6,10,-0.002149275817430407,-0.0021492757982173316,-0.002149275784404381,-0.0020338451092243304,-0.0020338450981398637,-0.002033845083417418,-0.0011967783157729173,-0.0011967783108275398,-0.0011967783146360489,-0.00040679767721485405,-0.0004067976768169501,-0.0004067976773853843,-0.0017644547535837773,-0.0017644547550048628,-0.0017644547509121367,-0.0015268626648321515,-0.001526862666253237,-0.0015268626667648277
53,1150,-2.046,Parallel Displaced Benzene Dimer Interplane 3.6,10,-0.002104736753040015,-0.002104736774469984,-0.0021047367529831718,-0.001999769184010347,-0.0019997691653657057,-0.001999769204758195,-0.0012279604427476443,-0.001227960447067744,-0.0012279604438276692,-0.000503233135134451,-0.0005032331350207642,-0.0005032331342249563,-0.00175184275144602,-0.0017518427533786962,-0.0017518427527534186,-0.0015323929906116973,-0.001532392992203313,-0.001532392991521192
54,1151,3.459,Sandwich Benzene Dimer,1,0.010329214302203127,0.010329214366208817,0.010329214288844923,0.01120185759486958,0.011201857613571065,0.01120185759771175,0.013494159501931335,0.013494159502556613,0.013494159499657599,0.014408852900260172,0.014408852900430702,0.014408852900146485,0.011627659704174675,0.011627659695079728,0.01162765969860402,,0.011950760380273096,0.01195076038351317
55,1152,1.484,Sandwich Benzene Dimer,1,0.006494909785374148,0.006494909808509419,0.006494909759567236,0.007142235631249605,0.007142235462822555,0.007142235497099136,0.009148222269061534,0.00914822227662171,0.009148222272415296,0.010078221642800145,0.01007822164240224,0.010078221642743301,0.007613495988778141,0.007613495986845464,0.007613495990483443,0.007922050687511728,0.007922050685635895,0.007922050684669557
56,1153,0.149,Sandwich Benzene Dimer,1,0.003781108719238091,0.0037811087228192264,0.00378110869212378,0.004275947103735689,0.004275947232258659,0.004275947207815989,0.006037113606282674,0.006037113615889211,0.006037113601507826,0.0069901758124046864,0.0069901758126889035,0.006990175812859434,0.004750580028201057,0.004750580028542117,0.004750580020299822,0.005047914965359723,0.005047914962858613,0.005047914965189193
57,1154,-0.721,Sandwich Benzene Dimer,1,0.0019038729066664928,0.0019038728622717827,0.0019038728416376216,0.0022836937789065814,0.002283693832055178,0.002283693846436563,0.003835884200043438,0.0038358842132879545,0.0038358842099341928,0.004808660467006121,0.004808660466949277,0.004808660466949277,0.0027398968352940756,0.002739896836828848,0.002739896838988898,,0.0030349486132195125,0.003034948615606936
58,1155,-1.256,Sandwich Benzene Dimer,1,0.0006229070617109755,0.0006229070821746063,0.0006229070924064217,0.0009314014170627161,0.0009314014376400337,0.0009314014006918114,0.0023011510757555698,0.002301151078768271,0.0023011510737092067,0.003284849424744607,0.003284849425142511,0.0032848494252561977,0.0013542854047727815,0.0013542853954504608,0.0013542854053412157,0.0016436337719483163,0.0016436337733125583,0.001643633773142028
59,1156,-1.556,Sandwich Benzene Dimer,1,-0.00021734853322641356,-0.00021734855010890897,-0.00021734851981136671,3.886454112489446e-05,3.886457511725894e-05,3.886457608359706e-05,0.001248885014604184,0.0012488850181853195,0.001248885015002088,0.0022310539731051904,0.002231053973730468,0.002231053973730468,0.00041747859381757735,0.00041747858148255546,0.00041747859137331034,0.0007077808657527385,0.0007077808683675357,0.0007077808684812226
60,1157,-1.693,Sandwich Benzene Dimer,1,-0.0007465443852083808,-0.0007465443949286055,-0.0007465444479635153,-0.0005251977873399483,-0.0005251976937188374,-0.0005251977678426556,0.000542572825111165,0.0005425728347745462,0.0005425728397199236,0.0015078747945835858,0.0015078747952088634,0.0015078747950951765,-0.00019130355997276638,-0.0001913035551979192,-0.0001913035470693103,,9.709490188924974e-05,9.709490240084051e-05
61,1158,-1.719,Sandwich Benzene Dimer,1,-0.0010451105567881314,-0.0010451105767970148,-0.001045110563666185,-0.000858391331803432,-0.0008583913194684101,-0.0008583913761981421,8.199473813874647e-05,8.199474314096733e-05,8.199473961667536e-05,0.001013704295928619,0.0010137042961559928,0.0010137042961559928,-0.0005653215517327226,-0.0005653215567349434,-0.0005653215686720614,-0.00027692225285136374,-0.0002769222518850256,-0.00027692225194186904
62,1159,-1.672,Sandwich Benzene Dimer,1,-0.0012003858382740873,-0.0012003858396951728,-0.0012003858132061396,-0.0010320927761426901,-0.001032092760397063,-0.0010320927945599578,-0.0002086001095449319,-0.0002086001076690991,-0.00020860009948364677,0.0006776538996291492,0.0006776538995723058,0.0006776538999702097,-0.0007737122646176431,-0.0007737122610933511,-0.0007737122620596892,-0.0004909473227598937,-0.0004909473228167371,-0.0004909473232146411
63,1160,-1.582,Sandwich Benzene Dimer,1,-0.0012490153065982668,-0.0012490153139310678,-0.0012490152842588031,-0.0010987633419290432,-0.0010987633563672716,-0.0010987633520471718,-0.00038025917734785253,-0.00038025917564254996,-0.00038025917410777765,0.0004479167221802527,0.0004479167224644698,0.00044791672240762637,-0.0008707187294021423,-0.0008707187216714374,-0.0008707187299137331,-0.0005883714919150407,-0.0005883714923129446,-0.0005883714914602933
64,1161,-1.464,Sandwich Benzene Dimer,1,-0.0012261442177532444,-0.0012261442137173617,-0.0012261441781333815,-0.001095068731046922,-0.0010950686784099162,-0.0010950687540685067,-0.0004694037830290654,-0.0004694037806416418,-0.00046940378143744965,0.0002912372144692199,0.0002912372144123765,0.000291237214071316,-0.0008928180987481937,-0.0008928181004534963,-0.0008928180987481937,-0.0006156474277076995,-0.0006156474270255785,-0.000615647428446664
65,1162,-1.072,Sandwich Benzene Dimer,1,-0.0009650798986626796,-0.0009650798900793234,-0.0009650799169094171,-0.0008814375858605672,-0.0008814375951260445,-0.0008814375433416899,-0.00048278070994456357,-0.0004827807067044887,-0.00048278071051299776,6.968336538193398e-05,6.968336526824714e-05,6.968336555246424e-05,-0.0007320449128087603,-0.0007320449141730023,-0.0007320449182657285,,-0.00048289505070897576,-0.0004828950515047836
66,1163,-0.55,Sandwich Benzene Dimer,1,-0.00047247856940657584,-0.0004724785788994268,-0.0004724785882217475,-0.0004440921724153668,-0.0004440921787818297,-0.0004440921847503887,-0.00025980557893490186,-0.0002598055781959374,-0.0002598055781959374,2.7296331666093465e-05,2.729633143871979e-05,2.729633234821449e-05,-0.00034472043108735306,-0.00034472042926836366,-0.00034472043290634247,-0.00017070817875719513,-0.00017070817733610966,-0.00017070817972353325
67,1164,-0.252,Sandwich Benzene Dimer,1,-0.00017508471086102873,-0.00017508468994265058,-0.00017508474172700517,-0.00016658121353430033,-0.00016658123217894172,-0.00016658121694490546,-7.656024445168441e-05,-7.656024490643176e-05,-7.65602453043357e-05,7.405363044199476e-05,7.405363004409082e-05,7.405363015777766e-05,-9.966305071884562e-05,-9.966304770614443e-05,-9.966305032094169e-05,5.127128588355845e-06,5.127128872572939e-06,5.127127280957211e-06
68,1165,-0.101,Sandwich Benzene Dimer,1,-2.4891237217161688e-05,-2.489124113935759e-05,-2.489123511395519e-05,-2.569440846400539e-05,-2.569441795685634e-05,-2.5694426312838914e-05,2.3186442660971807e-05,2.3186441865163943e-05,2.3186441126199497e-05,0.00010223185012137037,0.00010223185040558747,0.0001022318505192743,1.8999087728843733e-05,1.8999085511950398e-05,1.8999085227733303e-05,,7.519904607988792e-05,7.51990463072616e-05
69,1166,-0.029,Sandwich Benzene Dimer,1,3.991873802533519e-05,3.9918709205721825e-05,3.9918718641729356e-05,3.828862077170925e-05,3.82885962153523e-05,3.828861110832804e-05,6.546748772962019e-05,6.546748556957027e-05,6.546748556957027e-05,0.00010615229041377461,0.00010615229126642589,0.00010615229075483512,6.826437493145932e-05,6.826437407880803e-05,6.826437424933829e-05,9.838162998221378e-05,9.838163020958746e-05,9.838162981168352e-05
70,1167,0.018,Sandwich Benzene Dimer,1,3.61014464829168e-05,3.610146529808844e-05,3.610147803101427e-05,3.570113523210239e-05,3.570113699424837e-05,3.570113864270752e-05,3.672844746915871e-05,3.672844781021922e-05,3.672844837865341e-05,3.397356022105669e-05,3.3973560277900106e-05,3.39735605621172e-05,3.954177446985341e-05,3.9541774071949476e-05,3.954177338982845e-05,3.953003391643506e-05,3.953003380274822e-05,3.953003448486925e-05
71,1168,2.631,T-shaped Benzene Dimer,2,,0.007614590883633809,0.007614590907166985,0.009355485094090454,0.009355485088065052,0.009355485072774172,0.011490745442017669,0.011490745436162797,0.011490745444007189,0.012083533516715761,0.012083533517454725,0.012083533517170508,0.008498665342699496,0.008498665339573108,0.00849866533627619,,0.00861710475601285,0.008617104756694971
72,1169,1.533,T-shaped Benzene Dimer,2,,0.005615744287126745,0.0056157442762128085,0.007182826194537029,0.0071828261554856,0.0071828261942528115,0.009211600378478124,0.009211600372680095,0.00921160038006974,0.009794035158279257,0.00979403515782451,0.009794035158108727,0.006456679163704848,0.006456679156883638,0.006456679158304723,,0.006571075030365137,0.006571075031615692
73,1170,0.616,T-shaped Benzene Dimer,2,0.0039217845643975124,0.003921784596514044,0.00392178456968395,0.005330785508590452,0.005330785512228431,0.005330785540195393,0.007252275064104197,0.00725227506848114,0.007252275062967328,0.00782466183335373,0.007824661833126356,0.007824661833751634,0.004724497354573032,0.00472449735769942,0.004724497361564772,,0.004839835796531133,0.0048398357968153505
74,1171,-0.77,T-shaped Benzene Dimer,2,0.001300326796808804,0.0013003268231841503,0.0013003268358602327,0.0024285170140956325,0.002428517018756793,0.0024285170534312783,0.004142716164665217,0.004142716170235872,0.004142716168701099,0.004693417231635522,0.0046934172313513045,0.0046934172317492084,0.002028372010329349,0.0020283720099882885,0.0020283720116367476,0.0021380373956958465,0.002138037395070569,0.0021380373968895583
75,1172,-1.682,T-shaped Benzene Dimer,2,,-0.000506210662194917,-0.0005062107115350045,0.0003820383985271292,0.00038203836686534487,0.0003820384301889135,0.0018997440378143438,0.001899744033494244,0.0018997440373595964,0.0024301121234771017,0.0024301121234202583,0.002430112124045536,0.00015164800834099879,0.00015164801237688152,0.00015164801646960768,,0.0002597558402612776,0.0002597558404886513
76,1173,-2.246,T-shaped Benzene Dimer,2,,-0.0017074153690828098,-0.0017074153986413876,-0.0010156783103525413,-0.001015678302451306,-0.0010156783463344254,0.0003191469309626882,0.0003191469366470301,0.0003191469351122578,0.0008271663231766979,0.0008271663232903848,0.0008271663230061677,-0.0011150457230542088,-0.0011150457270332481,-0.00111504572606691,,-0.0010083098559903192,-0.001008309856104006
77,1174,-2.559,T-shaped Benzene Dimer,2,-0.0024662684928671297,-0.002466268479224709,-0.00246626850633902,-0.0019310832942665002,-0.0019310833029066998,-0.0019310832920496068,-0.0007620096083087446,-0.0007620096077971539,-0.0007620096089908657,-0.00027527931848680964,-0.0002752793186004965,-0.0002752793188847136,-0.001933279413890432,-0.001933279408888211,-0.0019332794115030083,,-0.0018278011253300974,-0.0018278011246479764
78,1175,-2.693,T-shaped Benzene Dimer,2,-0.0028985947989212946,-0.0028985948009108142,-0.002898594797102305,-0.002491083968664043,-0.0024910839406402374,-0.00249108392472408,-0.0014689571007124869,-0.0014689570955965792,-0.001468957097074508,-0.001003559797595699,-0.0010035597975388555,-0.0010035597970841081,-0.0024261918066486032,-0.0024261918084675926,-0.0024261918015326955,,-0.0023222691990554267,-0.0023222691972932807
79,1176,-2.702,T-shaped Benzene Dimer,2,,-0.003106418941058564,-0.003106418928268795,-0.0027929929856895797,-0.002792992964828045,-0.002792992950560347,-0.0019005996002761094,-0.0019005995964676003,-0.001900599598741337,-0.0014576266499375379,-0.0014576266494827905,-0.0014576266499943813,-0.0026855719453919846,-0.002685571937320219,-0.0026855719384570875,,-0.0025831238432942882,-0.002583123842725854
80,1177,-2.629,T-shaped Benzene Dimer,2,-0.0031553427325548,-0.003155342685886353,-0.0031553427061794537,-0.0029158852069031127,-0.002915885178197186,-0.0029158851967281407,-0.0021354600146992198,-0.0021354600146992198,-0.0021354600127665435,-0.0017139882052674693,-0.0017139882053243127,-0.001713988205494843,-0.002782312820897914,-0.0027823128175441525,-0.0027823128205000103,,-0.0026832045239757463,-0.002683204524601024
81,1178,-2.504,T-shaped Benzene Dimer,2,-0.0030952207600876136,-0.0030952207703762724,-0.003095220746274663,-0.0029147968205052166,-0.002914796817549359,-0.0029147968178904193,-0.002230731538816144,-0.0022307315376224324,-0.002230731540123543,-0.0018311497161107582,-0.001831149716508662,-0.0018311497162812884,-0.0027703252677042656,-0.002770325264521034,-0.002770325268556917,,-0.0026720774147293014,-0.002672077414558771
82,1179,-2.349,T-shaped Benzene Dimer,2,,-0.002969367237596998,-0.0029693672560711093,-0.0028326711165505003,-0.0028326710693704626,-0.0028326710919373,-0.0022314987221534466,-0.002231498722608194,-0.0022314987213007953,-0.0018529522259314035,-0.0018529522255334996,-0.0018529522253629693,-0.002685239861534683,-0.0026852398605115013,-0.002685239861534683,,-0.0025900502402009806,-0.0025900502397462333
83,1180,-2.18,T-shaped Benzene Dimer,2,-0.0028024545851508265,-0.0028024545829907765,-0.002802454590380421,-0.002699552459091592,-0.0026995524720518915,-0.002699552473472977,-0.0021695259578677906,-0.002169525960653118,-0.0021695259593457195,-0.0018127526082025724,-0.001812752607747825,-0.0018127526079751988,-0.0025549295166342745,-0.002554929514815285,-0.0025549295189648547,-0.0024638185235517085,-0.0024638185250296374,-0.002463818524006456
84,1181,-2.006,T-shaped Benzene Dimer,2,,-0.002608816655595092,-0.0026088166434306004,-0.0025371428780545102,-0.0025371428706080223,-0.0025371428594667123,-0.0020693530307767105,-0.0020693530363473656,-0.002069353031686205,-0.0017338170463290226,-0.0017338170464427094,-0.0017338170461584923,-0.002398531332460152,-0.0023985313260368457,-0.002398531327173714,,-0.002311552033688713,-0.0023115520339160867
85,1182,-1.834,T-shaped Benzene Dimer,2,-0.0024112562463187714,-0.0024112562163054463,-0.002411256252514704,-0.0023616399761294815,-0.0023616399699903923,-0.002361639966579787,-0.0019471634983574404,-0.0019471634968795115,-0.001947163498698501,-0.0016324863841532533,-0.001632486383982723,-0.0016324863844943138,-0.002230366903859249,-0.002230366908236192,-0.0022303669047119,,-0.0021452625422284655,-0.0021452625405800063
86,1183,-1.243,T-shaped Benzene Dimer,2,-0.0016816945671394024,-0.001681694580383919,-0.0016816945677078365,-0.0016777745000808864,-0.0016777745018998758,-0.0016777744937712669,-0.0014193172876844073,-0.001419317286831756,-0.0014193172874001903,-0.0011841365462146314,-0.0011841365461009445,-0.001184136545759884,-0.001578998354716532,-0.0015789983512490835,-0.001578998355398653,-0.0015085881315144434,-0.0015085881336176499,-0.001508588132537625
87,1184,-0.753,T-shaped Benzene Dimer,2,,-0.0010415072854357277,-0.001041507291176913,-0.0010470647904412544,-0.0010470647740135064,-0.0010470647915212794,-0.0009059574760499345,-0.0009059574744014753,-0.0009059574735488241,-0.0007476412612277272,-0.0007476412616824746,-0.0007476412612277272,-0.0009877155024469175,-0.0009877155000026505,-0.0009877155001163374,,-0.0009357717362377116,-0.000935771736294555
88,1185,-0.468,T-shaped Benzene Dimer,2,-0.0006553344774147263,-0.0006553344512667536,-0.0006553344746862422,-0.0006595571917955567,-0.0006595571946945711,-0.0006595571754246521,-0.0005824672572316558,-0.0005824672580274637,-0.0005824672556968835,-0.0004758259137247478,-0.0004758259134405307,-0.0004758259142363386,-0.000628987348420651,-0.0006289873488185549,-0.000628987347340626,-0.00059207841695752,-0.0005920784162185555,-0.0005920784171848936
89,1186,-0.302,T-shaped Benzene Dimer,2,-0.0004284490026975618,-0.0004284489897372623,-0.0004284490288455345,-0.0004294220949532246,-0.00042942209148577604,-0.0004294220705673979,-0.0003852604324379172,-0.0003852604376675117,-0.00038526043687170386,-0.0003129788229330188,-0.0003129788231035491,-0.00031297882298986224,-0.0004131808571514739,-0.0004131808553893279,-0.0004131808577199081,-0.0003879439601064405,-0.0003879439586285116,-0.00038794395902641554
90,1187,-0.203,T-shaped Benzene Dimer,2,,-0.000290769072933017,-0.0002907690833922061,-0.0002898940159639096,-0.0002898940578006659,-0.0002898940298337038,-0.0002627628005029692,-0.0002627628007871863,-0.0002627628039135743,-0.00021310085310233262,-0.00021310085355707997,-0.00021310085253389843,-0.0002815790841168564,-0.00028157908650428,-0.00028157908877801674,,-0.00026303978359010216,-0.0002630397824532338
91,1188,2.386,Benzene-H2S,4,0.007509370884804412,0.007509370909815516,0.007509370883099109,0.009374114493652996,0.009374114505703801,0.00937411449604042,0.011897012803046891,0.011897012803274265,0.01189701280236477,0.012580961140997715,0.012580961140997715,0.012580961141111402,0.008749557967576038,0.00874955796928134,0.008749557969508714,0.008915498616715922,0.008915498616943296,0.008915498616374862
92,1189,1.246,Benzene-H2S,4,0.005398058987680088,0.005398058972900799,0.005398058979494635,0.007055091596157581,0.0070550916070715175,0.007055091595702834,0.009414802153287383,0.009414802153173696,0.009414802152491575,0.010064045015155898,0.010064045015042211,0.01006404501436009,0.006577552959129207,0.006577552961857691,0.00657755295867446,0.006733909942340688,0.006733909942227001,0.006733909942795435
93,1190,-0.458,Benzene-H2S,4,0.002161296135568591,0.0021612961171513234,0.0021612961340906622,0.0034605787373038766,0.003460578731505848,0.0034605787443524605,0.00550944113206242,0.005509441131835047,0.005509441131607673,0.006104135409145783,0.0061041354090320965,0.0061041354090320965,0.0032205585630435962,0.0032205585641804646,0.0032205585636120304,0.003363367147358076,0.003363367146675955,0.0033633671471307025
94,1191,-1.57,Benzene-H2S,4,-4.9218941740036826e-05,-4.92189660690201e-05,-4.921893162190827e-05,0.0009591662742423068,0.0009591662668526624,0.00095916628742998,0.0027239756068411225,0.002723975607068496,0.0027239756068411225,0.0032770671276693975,0.0032770671275557106,0.003277067128124145,0.0008951478403105284,0.0008951478398557811,0.000895147838491539,0.00102618122275544,0.0010261812230965006,0.0010261812225280664
95,1192,-2.254,Benzene-H2S,4,-0.001512383653107463,-0.001512383662884531,-0.0015123836504926658,-0.0007356967774967416,-0.0007356967797704783,-0.0007356967854548202,0.0007786879830291582,0.0007786879820059767,0.0007786879807554214,0.001300053186923833,0.0013000531868101461,0.0013000531872648935,-0.0006778816375572205,-0.0006778816392625231,-0.0006778816381256547,-0.0005530289039370473,-0.0005530289031412394,-0.0005530289031412394
96,1193,-2.635,Benzene-H2S,4,-0.0024372494053750415,-0.0024372494032149916,-0.0024372494052613547,-0.0018391376939916881,-0.0018391377071793613,-0.0018391376918316382,-0.0005414687046823019,-0.0005414687030906862,-0.000541468702522252,-4.790206753568782e-05,-4.7902067308314145e-05,-4.7902067763061495e-05,-0.0017021142076600881,-0.0017021142058410987,-0.001702114206295846,-0.0015833915564371637,-0.0015833915554139821,-0.0015833915559824163
97,1194,-2.805,Benzene-H2S,4,-0.0029741114113903677,-0.0029741114221906173,-0.0029741114128682966,-0.002517234183983419,-0.0025172341800043796,-0.002517234178299077,-0.0014024843884499205,-0.0014024843891320415,-0.0014024843875404258,-0.000935399242848689,-0.0009353992426213154,-0.000935399242848689,-0.0023328096469867887,-0.002332809646759415,-0.0023328096465320414,-0.00221708766696338,-0.0022170876663949457,-0.0022170876663949457
98,1195,-2.831,Benzene-H2S,4,-0.003240625968032873,-0.003240625954731513,-0.0032406259551862604,-0.00289363807587506,-0.0028936380870163703,-0.0028936380839468256,-0.0019335925115910868,-0.0019335925102268448,-0.0019335925109089658,-0.0014905267271387856,-0.0014905267264566646,-0.0014905267264566646,-0.0026862024315050803,-0.0026862024319598277,-0.002686202431618767,-0.0025717657860013787,-0.0025717657866834998,-0.0025717657863424392
99,1196,-2.763,Benzene-H2S,4,-0.003321444389257522,-0.0033214443809583827,-0.003321444388461714,-0.0030604136243255198,-0.003060413624211833,-0.0030604136147758254,-0.002230285639370777,-0.0022302856382339087,-0.002230285638802343,-0.001810787953218096,-0.001810787952535975,-0.001810787952535975,-0.0028430007434963045,-0.0028430007434963045,-0.0028430007436099913,-0.002733838977974301,-0.0027338389789974826,-0.0027338389785427353
100,1197,-2.636,Benzene-H2S,4,-0.0032790874669217374,-0.00327908747544825,-0.003279087473401887,-0.0030846301742712967,-0.003084630168473268,-0.0030846301722249336,-0.002365457191672249,-0.0023654571911038147,-0.00236545719019432,-0.0019692240099402625,-0.001969224010167636,-0.0019692240100539493,-0.0028690421326018622,-0.002869042132715549,-0.002869042132715549,-0.0027637469030423745,-0.0027637469044066165,-0.0027637469037244955
101,1198,-2.476,Benzene-H2S,4,-0.0031588205092702992,-0.00315882050313121,-0.0031588205195021146,-0.0030156641879557355,-0.0030156642070551243,-0.003015664187046241,-0.002391319905314049,-0.002391319906678291,-0.0023913199048593015,-0.002018806820728969,-0.002018806820615282,-0.002018806820728969,-0.002808609627777514,-0.0028086096281185746,-0.0028086096266406457,-0.0027071417470097003,-0.002707141746441266,-0.0027071417447359636
102,1199,-2.299,Benzene-H2S,4,-0.002992857906747304,-0.0029928579309626002,-0.0029928579189117954,-0.002888515430413463,-0.002888515443714823,-0.0028885154392810364,-0.0023462176754946995,-0.0023462176748125785,-0.0023462176753810127,-0.001997129609435433,-0.0019971296085259382,-0.0019971296089806856,-0.002691821156417973,-0.0026918211574411544,-0.002691821156304286,-0.002594034996150185,-0.0025940349967186194,-0.002594034996150185
103,1200,-1.768,Benzene-H2S,4,-0.002393812214677382,-0.0023938122254776317,-0.002393812209788848,-0.002366013938171818,-0.002366013955224844,-0.002366013941013989,-0.0020159210143901873,-0.0020159210134806926,-0.00201592101393544,-0.0017324467885373451,-0.001732446787968911,-0.0017324467880825978,-0.002206244791750578,-0.002206244791523204,-0.0022062447912958305,-0.0021203704039862714,-0.002120370403645211,-0.002120370402280969
104,1201,-1.39,Benzene-H2S,4,-0.0019253845947559967,-0.0019253845879347864,-0.0019253845996445307,-0.0019241904884665928,-0.0019241904865339166,-0.001924190486192856,-0.001690038502488278,-0.0016900385026019649,-0.0016900385016924702,-0.0014536102638658122,-0.0014536102627289438,-0.0014536102634110648,-0.0017969889175901699,-0.0017969889162259278,-0.0017969889170217357,-0.0017222875322886466,-0.0017222875337665755,-0.001722287532743394
105,1202,-1.089,Benzene-H2S,4,-0.0015321586114396268,-0.0015321586214440686,-0.0015321586216714422,-0.001544482872077424,-0.0015444828786712606,-0.0015444828893578233,-0.0013950367155075583,-0.001395036715621245,-0.0013950367153938714,-0.0011978413069755334,-0.001197841307885028,-0.0011978413076576544,-0.0014471400974116477,-0.0014471400967295267,-0.0014471400961610925,-0.0013842509665664693,-0.0013842509662254088,-0.0013842509662254088
106,1203,-0.857,Benzene-H2S,4,-0.0012218871476079585,-0.0012218871578397739,-0.0012218871562481581,-0.0012379203790260362,-0.001237920380617652,-0.0012379203894852253,-0.0011473386865645807,-0.001147338684972965,-0.0011473386850866518,-0.0009827171534197987,-0.0009827171536471724,-0.0009827171537608592,-0.0011655003243049578,-0.0011655003252144525,-0.0011655003251007656,-0.0011142463577016315,-0.0011142463577016315,-0.0011142463588384999
107,1204,-0.68,Benzene-H2S,4,-0.0009793809975917611,-0.000979380987132572,-0.0009793809821303512,-0.000997097641061373,-0.0009970976511795016,-0.0009970976457225333,-0.0009460099618081586,-0.0009460099615807849,-0.0009460099631724006,-0.0008081327313220754,-0.0008081327318905096,-0.0008081327316631359,-0.0009446315744980893,-0.000944631574043342,-0.0009446315737022815,-0.0009033074082935855,-0.0009033074087483328,-0.000903307407952525
108,1205,-0.442,Benzene-H2S,4,-0.0006478327020431607,-0.0006478327051127053,-0.0006478327093191183,-0.0006639966009061027,-0.0006639966030661526,-0.0006639965990871133,-0.0006551252970439236,-0.0006551252978397315,-0.0006551252989765999,-0.0005577353720127576,-0.0005577353716716971,-0.0005577353712169497,-0.0006386540940184204,-0.0006386540945868546,-0.0006386540939047336,-0.0006096959087926734,-0.0006096959103842892,-0.0006096959089063603
109,1206,-0.3,Benzene-H2S,4,-0.0004469836711677999,-0.0004469836810585548,-0.00044698367128148675,-0.0004595591691440859,-0.0004595591860834247,-0.00045955918164963805,-0.0004670344738997301,-0.0004670344736723564,-0.00046703447299023537,-0.0003979156157356556,-0.00039791561505353457,-0.00039791561584934243,-0.00044810010081164364,-0.0004481001018348252,-0.0004481001010390173,-0.00042762017869790725,-0.00042762017778841255,-0.00042762017778841255
110,1207,-0.212,Benzene-H2S,4,-0.00031875221020527533,-0.000318752218845475,-0.00031875221725385927,-0.0003295338385669311,-0.0003295338409543547,-0.0003295338455018282,-0.0003421837021733154,-0.00034218370319649694,-0.0003421837037649311,-0.00029225867456261767,-0.00029225867422155716,-0.0002922586746763045,-0.00032455383745855215,-0.00032455383563956275,-0.00032455383711749164,-0.0003101474807181148,-0.0003101474807181148,-0.0003101474798086201
111,1208,-0.154,Benzene-H2S,4,-0.00023409558923503937,-0.00023409558434650535,-0.0002340955866202421,-0.0002428069724373927,-0.00024280697152789799,-0.0002428069842608238,-0.0002566508785548649,-0.00025665087810011755,-0.0002566508778727439,-0.00021976938467105356,-0.00021976938489842723,-0.0002197693851258009,-0.00024153149627181847,-0.00024153149661287898,-0.0002415314969539395,-0.00023092281378467305,-0.00023092281355729938,-0.00023092281344361254
112,1209,1.281,Benzene-Methane,5,0.003983915952971984,0.0039839159555299375,0.003983915958031048,0.005126040682682742,0.005126040703942181,0.005126040679044763,0.006778106878584822,0.00677810687955116,0.006778106879949064,0.007091419564005719,0.007091419564233092,0.007091419564346779,0.004666290453769761,0.004666290456270872,0.00466629045524769,0.004693437908827036,0.004693437908997566,0.004693437907690168
113,1210,0.685,Benzene-Methane,5,0.0028909050740253406,0.002890905069762084,0.0028909050740253406,0.0039079340104422045,0.003907933991683876,0.003907934023914095,0.005471917262696024,0.00547191726195706,0.005471917262582338,0.0057879486336673835,0.005787948633894757,0.0057879486340652875,0.0035419213310206032,0.0035419213325553756,0.0035419213314753506,0.003571417788521103,0.003571417788919007,0.0035714177888621634
114,1211,-0.213,Benzene-Methane,5,0.0012081094847644636,0.001208109470837826,0.0012081094744189613,0.0020043437193635327,0.002004343715213963,0.002004343715043433,0.0033972567989621894,0.003397256798905346,0.003397256799985371,0.0037146300387576048,0.003714630038814448,0.0037146300390986653,0.0017948154912232894,0.0017948154919622539,0.001794815492644375,0.001830886100378848,0.0018308860998672571,0.0018308860998672571
115,1212,-0.804,Benzene-Methane,5,4.77086068144672e-05,4.7708602210150275e-05,4.770858862457317e-05,0.0006669236379934773,0.0006669236312859539,0.0006669236332754735,0.0019001939364784448,0.0019001939360805409,0.0019001939365921316,0.0022159603331033395,0.0022159603332738698,0.002215960333160183,0.0005756935825047549,0.0005756935836416233,0.0005756935818794773,0.0006165450382127347,0.0006165450383832649,0.0006165450384969517
116,1213,-1.171,Benzene-Methane,5,-0.0007267913986197527,-0.00072679139458387,-0.0007267913969712936,-0.00024484676191605104,-0.00024484675327585137,-0.0002448467520821396,0.0008417940697995618,0.0008417940712774907,0.0008417940695153447,0.0011541014159774932,0.0011541014161480234,0.00115410141609118,-0.0002490866259563518,-0.00024908662373945845,-0.0002490866241373624,-0.00020760630133054292,-0.00020760630195582053,-0.00020760630206950736
117,1214,-1.376,Benzene-Methane,5,-0.0012168250917738987,-0.0012168250785293822,-0.0012168250951276605,-0.0008436995003648917,-0.0008436995052534257,-0.0008436994962721656,0.00011314484913782508,0.00011314485061575397,0.00011314484851254747,0.0004202928823815455,0.0004202928824383889,0.0004202928821541718,-0.000789084557482056,-0.0007890845566862481,-0.0007890845583347073,-0.0007448451763707453,-0.0007448451755749375,-0.0007448451756886243
118,1215,-1.468,Benzene-Methane,5,-0.0015020473678077906,-0.0015020473691151892,-0.0015020473600770856,-0.0012130087541777357,-0.0012130087371815534,-0.0012130087611126328,-0.00037088093347392714,-0.00037088093381498766,-0.00037088093500869945,-7.18402966413123e-05,-7.184029652762547e-05,-7.184029652762547e-05,-0.0011210558133711856,-0.0011210558137122462,-0.0011210558117227265,-0.0010747989002197755,-0.0010747988986281598,-0.001074798899480811
119,1216,-1.481,Benzene-Methane,5,-0.0016426093156383104,-0.00164260931097715,-0.001642609309897125,-0.0014167929917334732,-0.0014167929800805723,-0.0014167929840596116,-0.0006767824128246502,-0.0006767824114604082,-0.0006767824082771767,-0.0003890890910156486,-0.000389089091072492,-0.000389089091072492,-0.0013026502190882638,-0.0013026502194861678,-0.0013026502210777835,-0.00125508108988015,-0.0012550810904485843,-0.0012550810895390896
120,1217,-1.443,Benzene-Methane,5,-0.0016822368793896203,-0.0016822368773432572,-0.0016822368899624962,-0.0015060805858411186,-0.0015060805894790974,-0.0015060805928328591,-0.0008554598111345513,-0.0008554598105661171,-0.0008554598094860921,-0.000580699556962827,-0.0005806995570765139,-0.000580699556962827,-0.0013838201998623845,-0.001383820199805541,-0.0013838202007718792,-0.0013335639940237343,-0.0013335639950469158,-0.0013335639949900724
121,1218,-1.373,Benzene-Methane,5,-0.0016533276589143497,-0.00165332765459425,-0.0016533276539689723,-0.001519239595666022,-0.0015192395875942566,-0.0015192395940744063,-0.0009452781193317605,-0.0009452781186496395,-0.0009452781186496395,-0.0006857537664473057,-0.0006857537666746794,-0.0006857537663904623,-0.0013944882498435618,-0.0013944882501277789,-0.0013944882494456579,-0.0013440978015637484,-0.0013440978023595562,-0.0013440978013363747
122,1219,-1.283,Benzene-Methane,5,-0.0015852377921419247,-0.0015852377782721305,-0.0015852377845249066,-0.0014801728975157857,-0.0014801728925135649,-0.0014801729023474763,-0.0009738226719946397,-0.0009738226727904475,-0.0009738226707440845,-0.0007314047459772155,-0.0007314047462045892,-0.0007314047459772155,-0.0013583213548713502,-0.0013583213550418805,-0.0013583213562355922,-0.0013069834097336752,-0.0013069834104157962,-0.0013069834096199884
123,1220,-1.185,Benzene-Methane,5,-0.0014891659374143273,-0.0014891659220097608,-0.0014891659268414514,-0.001410791710554804,-0.0014107917025967254,-0.0014107917060073305,-0.0009633505266606335,-0.0009633505257511388,-0.0009633505254669217,-0.0007377759326345767,-0.0007377759326345767,-0.000737775932805107,-0.0012927792084838075,-0.0012927792087680245,-0.001292779208426964,-0.0012397123609275695,-0.001239712361950751,-0.001239712360984413
124,1221,-0.985,Benzene-Methane,5,-0.0012695521756995731,-0.0012695521830892176,-0.001269552194401058,-0.0012256383828344042,-0.0012256383735120835,-0.0012256383778321833,-0.0008765974451989678,-0.0008765974459947756,-0.0008765974468474269,-0.000685288075715107,-0.0006852880756582636,-0.0006852880760561675,-0.0011191211298751114,-0.0011191211318077876,-0.0011191211295908943,-0.0010700774271299451,-0.0010700774276983793,-0.001070077427243632
125,1222,-0.801,Benzene-Methane,5,-0.0010518394241785245,-0.0010518394183804958,-0.0010518394265091047,-0.0010274437137240966,-0.001027443712018794,-0.0010274437122461677,-0.0007563626344904151,-0.0007563626330693296,-0.000756362634206198,-0.0005963804890711799,-0.0005963804888438062,-0.0005963804892417102,-0.0009337626248679953,-0.0009337626248111519,-0.0009337626242995611,-0.0008897766093696191,-0.0008897766092559323,-0.0008897766081190639
126,1223,-0.645,Benzene-Methane,5,-0.0008568210587327485,-0.0008568210508315133,-0.0008568210527641895,-0.0008442714092780079,-0.0008442714036505095,-0.000844271399387253,-0.0006343499844660982,-0.0006343499864556179,-0.0006343499846366285,-0.0005035868761638085,-0.0005035868760501216,-0.0005035868759364348,-0.0007649449203199765,-0.0007649449204336634,-0.0007649449195810121,-0.0007236517887463378,-0.0007236517889737115,-0.0007236517894284589
127,1224,-0.517,Benzene-Methane,5,-0.0006899077339994619,-0.0006899077308730739,-0.0006899077355910777,-0.0006862156024567412,-0.0006862156097895422,-0.0006862155995008834,-0.0005244779476925032,-0.0005244779459303572,-0.0005244779463282612,-0.0004175463824935832,-0.0004175463826641135,-0.0004175463824935832,-0.0006208454120724127,-0.0006208454129819074,-0.0006208454120155693,-0.0005856556030607862,-0.0005856556020944481,-0.0005856556023218218
128,1225,-0.414,Benzene-Methane,5,-0.0005567062289060232,-0.0005567062272007206,-0.0005567062148088553,-0.00055585995067986,-0.0005558599465871339,-0.00055585995067986,-0.00043000921363045563,-0.0004300092138578293,-0.000430009214767324,-0.0003432392203421841,-0.00034323922074008806,-0.0003432392205695578,-0.0005023791306371095,-0.0005023791314329173,-0.0005023791319445081,-0.0004729420754756575,-0.0004729420749640667,-0.00047294207564618773
129,1226,-0.332,Benzene-Methane,5,-0.00044943448750700554,-0.0004494344786962756,-0.00044943448119738605,-0.0004499121267258488,-0.00044991212359946076,-0.000449912130420671,-0.0003517855258792224,-0.0003517855264476566,-0.000351785525822379,-0.00028119454111674713,-0.00028119454088937346,-0.0002811945407188432,-0.0004073481229056597,-0.00040734812279197286,-0.0004073481231898768,-0.000382582501174511,-0.000382582501856632,-0.000382582501174511
130,1227,-0.268,Benzene-Methane,5,-0.0003637680517840636,-0.00036376805627469366,-0.00036376805689997127,-0.0003648416999908477,-0.00036484170254880155,-0.00036484170135508975,-0.00028781891415974314,-0.0002878189143302734,-0.00028781891541029836,-0.0002303819632061277,-0.00023038196343350137,-0.00023038196343350137,-0.00033096494070150584,-0.00033096494161100054,-0.0003309649412130966,-0.0003107001199964543,-0.0003107001203375148,-0.0003107001208491056
131,1228,-0.177,Benzene-Methane,5,-0.00024137744833296892,-0.00024137744327390465,-0.0002413774440128691,-0.00024268603789323606,-0.00024268603789323606,-0.00024268603249311127,-0.0001942195814876868,-0.0001942195826813986,-0.00019421958171506049,-0.0001559042407279776,-0.0001559042407279776,-0.0001559042407279776,-0.00022054849040387126,-0.00022054849046071467,-0.000220548490233341,-0.0002081586274584879,-0.00020815862603740243,-0.0002081586271742708
132,1229,0.57,Methane Dimer,6,0.001644309613041628,0.001644309613325845,0.0016443096133968993,0.0021495184724358296,0.0021495184723647753,0.0021495184724216188,0.003252588005594248,0.003252588005594248,0.003252588005608459,0.003323679177441363,0.0033236791774129415,0.00332367917738452,0.002139077190520311,0.0021390771903924133,0.002139077190420835,0.0021681434863438653,0.0021681434863438653,0.002168143486386498
133,1230,0.291,Methane Dimer,6,0.001134911693156937,0.0011349116930290393,0.001134911693057461,0.0015712383027448595,0.0015712383027448595,0.0015712383026453836,0.0026005415085421646,0.002600541508499532,0.0026005415085279537,0.0026698433284195744,0.0026698433285332612,0.0026698433285332612,0.0016044432661317387,0.0016044432661601604,0.0016044432662312147,0.0016334032755764838,0.0016334032756901706,0.0016334032756191164
134,1231,0.069,Methane Dimer,6,0.0007230191886122839,0.0007230191886549164,0.0007230191887259707,0.0010997304856914525,0.0010997304855209222,0.001099730485549344,0.0020585644915911416,0.0020585644915769308,0.0020585644915769308,0.002125856287804595,0.002125856287804595,0.0021258562877335407,0.0011674061287010318,0.0011674061286299775,0.0011674061285020798,0.001196011964921695,0.0011960119648790624,0.001196011964921695
135,1232,-0.239,Methane Dimer,6,0.00012952796691934054,0.00012952796744514217,0.0001295279672461902,0.00041390814841690826,0.00041390814820374544,0.00041390814841690826,0.0012391247074816647,0.0012391247074958756,0.0012391247074674538,0.0013019587313181091,0.0013019587312612657,0.0013019587312754766,0.0005246893201871217,0.0005246893201444891,0.0005246893201302782,0.0005519012003674106,0.0005519012002963564,0.0005519012002395129
136,1233,-0.417,Methane Dimer,6,-0.0002379303349755446,-0.00023793033496133376,-0.00023793033489027948,-2.6005637181469865e-05,-2.6005637081993882e-05,-2.600563711041559e-05,0.0006855593103978208,0.0006855593104830859,0.0006855593104120317,0.0007425181026547989,0.0007425181026690097,0.0007425181027116423,0.00011054412773603417,0.00011054412746602793,0.00011054412742339537,0.00013562985201076572,0.00013562985209603085,0.00013562985205339828
137,1234,-0.508,Methane Dimer,6,-0.0004517851999708,-0.0004517851995018418,-0.00045178519958710694,-0.0002938379437864569,-0.000293837943871722,-0.0002938379438148786,0.00031888965276039016,0.00031888965270354674,0.000318889652774601,0.0003712109257634211,0.00037121092570657765,0.00037121092573499936,-0.00014645862738404958,-0.00014645862735562787,-0.00014645862748352556,-0.0001239715124512486,-0.0001239715124796703,-0.0001239715123233509
138,1235,-0.541,Methane Dimer,6,-0.0005631273363775335,-0.0005631273365622746,-0.0005631273362070033,-0.00044543982039613184,-0.00044543982048139696,-0.00044543982048139696,8.219391295938294e-05,8.219391293096123e-05,8.21939130020155e-05,0.00013003041554782158,0.00013003041556203243,0.000130030415505189,-0.0002968252750861211,-0.000296825275000856,-0.0002968252750861211,-0.0002771310511207048,-0.0002771310510212288,-0.0002771310511491265
139,1236,-0.539,Methane Dimer,6,-0.0006076280104707621,-0.0006076280107976118,-0.0006076280105560272,-0.0005199958697659213,-0.0005199958697374996,-0.0005199958697374996,-6.521334506714993e-05,-6.521334508136079e-05,-6.521334506714993e-05,-2.1612334876408568e-05,-2.1612334890619422e-05,-2.1612334890619422e-05,-0.0003760003268098444,-0.00037600032692353125,-0.00037600032673879014,-0.00035907110438415657,-0.00035907110422783717,-0.0003590711043983674
140,1237,-0.515,Methane Dimer,6,-0.0006098944303545295,-0.0006098944305534815,-0.000609894430596114,-0.0005446834753826124,-0.0005446834754962993,-0.0005446834754962993,-0.0001521582270243016,-0.00015215822709535587,-0.0001521582270527233,-0.00011249551054959284,-0.00011249551053538198,-0.00011249551062064711,-0.0004086630692796689,-0.00040866306932230145,-0.000408663069364934,-0.0003943095586009804,-0.00039430955867203465,-0.0003943095585867695
141,1238,-0.48,Methane Dimer,6,-0.000584434457067573,-0.0005844344570391513,-0.0005844344569254645,-0.0005381176118959274,-0.0005381176117964515,-0.0005381176117822406,-0.00019832577063993995,-0.0001983257706825725,-0.0001983257705262531,-0.00016284467834282168,-0.00016284467825755655,-0.00016284467834282168,-0.00040888213725054356,-0.0004088821373358087,-0.00040888213725054356,-0.0003968834752612338,-0.0003968834753180772,-0.00039688347521860123
142,1239,-0.439,Methane Dimer,6,-0.0005465965402038364,-0.0005465965402891015,-0.0005465965401754147,-0.0005128837661061425,-0.0005128837663050945,-0.0005128837662340402,-0.00021896623516681757,-0.00021896623523787184,-0.00021896623523787184,-0.0001867127234191912,-0.0001867127235186672,-0.00018671272350445633,-0.0003946960049461268,-0.0003946960050598136,-0.0003946960050313919,-0.0003846886920086945,-0.00038468869210817047,-0.0003846886919802728
143,1240,-0.396,Methane Dimer,6,-0.0005018179115552357,-0.0005018179117826094,-0.0005018179113704946,-0.00047542699788039045,-0.000475426997823547,-0.00047542699793723386,-0.00022308551666583298,-0.00022308551663741127,-0.00022308551665162213,-0.00019375146106881402,-0.0001937514611114466,-0.00019375146116829,-0.00037033035000888503,-0.00037033034996625247,-0.00037033034988098734,-0.00036196547708300386,-0.0003619654771256364,-0.00036196547705458215
144,1241,-0.354,Methane Dimer,6,-0.00045152072070209215,-0.00045152072075893557,-0.0004515207208442007,-0.00043548466534559793,-0.0004354846652603328,-0.00043548466521770024,-0.0002171952084069062,-0.0002171952083784845,-0.00021719520839269535,-0.00019049299004336717,-0.00019049299002915632,-0.00019049299004336717,-0.0003409227848152341,-0.0003409227848436558,-0.00034092278491471006,-0.0003338895719195989,-0.00033388957190538804,-0.00033388957193380975
145,1242,-0.315,Methane Dimer,6,-0.0004053217054433844,-0.0004053217057986558,-0.0004053217055428604,-0.0003942491999850972,-0.00039424920007036235,-0.00039424920004194064,-0.0002056126039491346,-0.00020561260397755632,-0.00020561260402018888,-0.0001810124656174139,-0.0001810124656174139,-0.00018101246564583562,-0.0003097752272509524,-0.00030977522742148267,-0.00030977522739306096,-0.00030380805978325043,-0.000303808059626931,-0.000303808059626931
146,1243,-0.279,Methane Dimer,6,-0.0003615440277826565,-0.0003615440278394999,-0.00036154402764054794,-0.0003539285362279543,-0.00035392853632743027,-0.00035392853637006283,-0.00019113531645587045,-0.00019113531645587045,-0.0001911353164416596,-0.00016878087824068189,-0.00016878087818383847,-0.00016878087832594701,-0.0002789342759541569,-0.0002789342759825786,-0.000278934276039422,-0.0002738142400602328,-0.0002738142400033894,-0.00027381424001760024
147,1244,-0.217,Methane Dimer,6,-0.00028435734225240594,-0.0002843573423660928,-0.00028435734249399047,-0.00027986933410772963,-0.00027986933400825365,-0.0002798693339940428,-0.00015937440910818168,-0.00015937440915081424,-0.00015937440912239254,-0.00014138962471577088,-0.0001413896247441926,-0.00014138962463050575,-0.00022242164610020154,-0.00022242164622809923,-0.00022242164615704496,-0.00021717879238281057,-0.00021717879239702143,-0.00021717879241123228
148,1245,-0.168,Methane Dimer,6,-0.00022206603182439721,-0.0002220660318954515,-0.00022206603181018636,-0.00021952979318484722,-0.00021952979327011235,-0.0002195297931564255,-0.0001303016922236111,-0.00013030169216676768,-0.00013030169215255683,-0.00011540910999485732,-0.00011540911002327903,-0.00011540910998064646,-0.00017542997261443816,-0.00017542997252917303,-0.00017542997267128158,-0.00017159190338134067,-0.0001715919033102864,-0.00017159190340976238
149,1246,-0.13,Methane Dimer,6,-0.00017328594601906389,-0.0001732859461753833,-0.0001732859459195879,-0.00017189855337562676,-0.00017189855329036163,-0.00017189855326193992,-0.00010546804817579414,-0.00010546804814737243,-0.0001054680482184267,-9.361099166937947e-05,-9.361099162674691e-05,-9.361099161253605e-05,-0.0001380298235318378,-0.0001380298235318378,-0.00013802982365973548,-0.00013505856580309228,-0.00013505856568940544,-0.0001350585657036163
150,1247,-0.08,Methane Dimer,6,-0.00010670424951797486,-0.00010670424954639657,-0.00010670424957481828,-0.0001067852347915732,-0.00010678523476315149,-0.00010678523484841662,-6.878550520639237e-05,-6.878550523481408e-05,-6.878550526323579e-05,-6.0502194045852775e-05,-6.05021939747985e-05,-6.0502194074274485e-05,-8.6362539391871e-05,-8.636253934923843e-05,-8.636253937766014e-05,-8.438509428287944e-05,-8.438509429709029e-05,-8.4385094325512e-05
151,1248,-0.05,Methane Dimer,6,-6.859553369054083e-05,-6.859553369054083e-05,-6.859553403160135e-05,-6.821206258678103e-05,-6.82120626294136e-05,-6.821206251572676e-05,-4.549619819727013e-05,-4.549619819727013e-05,-4.549619825411355e-05,-3.962857310568779e-05,-3.962857319095292e-05,-3.962857311989865e-05,-5.5458050354673105e-05,-5.545805042572738e-05,-5.545805034046225e-05,-5.4111235343157205e-05,-5.4111235343157205e-05,-5.411123524368122e-05
152,1249,2.368,Pyridine Dimer S2 Configuration,7,,0.008841492654539707,0.00884149264362577,0.00991252925769004,0.00991252923193997,0.00991252926087327,0.012461015760266037,0.012461015759640759,0.012461015766405126,0.013742590312745051,0.013742590313086112,0.01374259031240399,0.010299152705613324,0.010299152701009007,0.010299152697598402,,0.01076797902180715,0.01076797902163662
153,1250,0.233,Pyridine Dimer S2 Configuration,7,0.0046886774816243815,0.0046886774605923165,0.0046886774931635955,0.005476061778836083,0.005476061789238429,0.005476061817489608,0.007666637960369371,0.007666637967702172,0.0076666379640641935,0.008903471661881213,0.008903471661881213,0.00890347166182437,0.0059352664179073145,0.005935266414894613,0.005935266415519891,,0.006370622240865487,0.006370622239273871
154,1251,-1.17,Pyridine Dimer S2 Configuration,7,0.0018150292611380792,0.001815029326394324,0.0018150293230405623,0.002391139725489211,0.0023911397353231223,0.0023911397337315066,0.004283575197860046,0.0042835751962115864,0.004283575206045498,0.00548849380078309,0.0054884938008967765,0.005488493800442029,0.0028814357589226347,0.002881435756250994,0.0028814357539772573,0.00328449912689166,0.0032844991268348167,0.003284499127289564
155,1252,-2.051,Pyridine Dimer S2 Configuration,7,,-0.00012698751004336373,-0.00012698746485284573,0.0002951389194549847,0.0002951389278109673,0.0002951389344616473,0.0019361476707331349,0.001936147667777277,0.0019361476702783875,0.0031169461395847975,0.003116946140210075,0.0031169461396984843,0.0007840167708081935,0.0007840167746167026,0.0007840167688186739,,0.0011614416845873166,0.0011614416851557507
156,1253,-2.562,Pyridine Dimer S2 Configuration,7,-0.0013985370754880933,-0.001398537068268979,-0.0013985370546265585,-0.0010860585074397022,-0.0010860585163072756,-0.0010860585406362588,0.00034166578871008824,0.0003416657882553409,0.00034166578933536584,0.0014990045989407008,0.0014990045995659784,0.001499004599111231,-0.0006179808289630273,-0.0006179808300998957,-0.0006179808281672194,,-0.0002562540374242417,-0.0002562540381063627
157,1254,-2.814,Pyridine Dimer S2 Configuration,7,-0.0021861607908704173,-0.0021861607585833553,-0.0021861607698951957,-0.0019529130120758964,-0.0019529130388491467,-0.0019529130163391528,-0.0007100589252786449,-0.000710058924880741,-0.0007100589267565738,0.0004191913526483404,0.0004191913520799062,0.0004191913526483404,-0.0015197954630821187,-0.001519795467743279,-0.0015197954633663358,-0.0011748608825428164,-0.0011748608829407203,-0.0011748608822017559
158,1255,-2.89,Pyridine Dimer S2 Configuration,7,,-0.0026337116609056466,-0.0026337116576655717,-0.0024572557146029794,-0.002457255700676342,-0.0024572557146029794,-0.0013763289816211,-0.001376328982701125,-0.0013763289830990288,-0.00028164840040290073,-0.0002816483997776231,-0.00028164840017552706,-0.0020651500468602535,-0.002065150041516972,-0.0020651500445296733,,-0.001735422085346272,-0.0017354220848346813
159,1256,-2.849,Pyridine Dimer S2 Configuration,7,-0.002848836720943382,-0.00284883673521108,-0.002848836747716632,-0.0027097305455754395,-0.0027097305641632374,-0.0027097305678012162,-0.0017721701157142888,-0.0017721701146342639,-0.0017721701132131784,-0.0007198360955840144,-0.0007198360956408578,-0.0007198360954703276,-0.002360309716266329,-0.002360309713026254,-0.0023603097134810014,-0.002041581741252685,-0.0020415817400021297,-0.002041581740854781
160,1257,-2.734,Pyridine Dimer S2 Configuration,7,-0.0029023877962117695,-0.0029023877667668785,-0.0029023878204839093,-0.002792499553777361,-0.002792499565998696,-0.0027924995492298876,-0.0019813672547570604,-0.0019813672553254946,-0.001981367255268651,-0.000979471592927439,-0.0009794715920747876,-0.0009794715927000652,-0.0024827019452118293,-0.0024827019441886478,-0.0024827019400959216,-0.002174213860769214,-0.0021742138606555272,-0.00217421386020078
161,1258,-2.575,Pyridine Dimer S2 Configuration,7,-0.0028483799716241265,-0.0028483799605965032,-0.002848379953263702,-0.0027623294344039095,-0.0027623294392924436,-0.0027623294398040343,-0.002063064250876323,-0.002063064250478419,-0.002063064249114177,-0.0011192280236969054,-0.001119228022957941,-0.0011192280239242791,-0.002486670576331562,-0.0024866705765020924,-0.0024866705771842135,,-0.0021904714171796513,-0.0021904714173501816
162,1259,-2.394,Pyridine Dimer S2 Configuration,7,-0.0027320661765202203,-0.002732066155829216,-0.0027320661567387106,-0.002659541722493941,-0.0026595417290877776,-0.0026595417295993684,-0.002061260104937901,-0.002061260105222118,-0.002061260107382168,-0.0011806947556465275,-0.0011806947558170577,-0.0011806947553623104,-0.0024180924530128323,-0.0024180924527854586,-0.0024180924508527823,,-0.002131484099948011,-0.002131484100175385
163,1260,-2.204,Pyridine Dimer S2 Configuration,7,-0.0025711603281592943,-0.002571160328272981,-0.0025711603292961627,-0.0025154324928848837,-0.002515432490611147,-0.00251543248367625,-0.0020053460285680558,-0.0020053460290796465,-0.0020053460303302018,-0.001191527683829463,-0.0011915276844547407,-0.001191527684227367,-0.002303086078143224,-0.0023030860753578963,-0.002303086078313754,,-0.0020265752642103507,-0.002026575263585073
164,1261,-2.016,Pyridine Dimer S2 Configuration,7,-0.0023933322875109297,-0.0023933322934226453,-0.002393332277108584,-0.002349173773382063,-0.002349173781283298,-0.0023491738004963736,-0.0019167632514722754,-0.0019167632484027308,-0.0019167632527228307,-0.0011698040930241405,-0.0011698040930241405,-0.0011698040923988628,-0.002158534676993895,-0.00215853468455407,-0.002158534678869728,,-0.0018975823636537825,-0.0018975823642790601
165,1262,-1.835,Pyridine Dimer S2 Configuration,7,,-0.0022112493262511634,-0.0022112492711698906,-0.002174766664722938,-0.0021747666592091264,-0.0021747666572196067,-0.0018095878350550265,-0.0018095878361350515,-0.0018095878351687134,-0.001127660765462224,-0.0011276607651211634,-0.0011276607652916937,-0.0020059944384911432,-0.0020059944374111183,-0.0020059944345689473,,-0.001754984860554032,-0.001754984860554032
166,1263,-1.664,Pyridine Dimer S2 Configuration,7,,-0.002030580764142087,-0.0020305807544218624,-0.002001467612274155,-0.002001467610512009,-0.002001467605623475,-0.0016936133562808209,-0.001693613356962942,-0.001693613357645063,-0.001073669159950441,-0.0010736691602346582,-0.0010736691601778148,-0.001850783013594537,-0.0018507830160956473,-0.0018507830127418856,,-0.001610755249146223,-0.0016107552496009703
167,1264,-1.361,Pyridine Dimer S2 Configuration,7,,-0.001690660761937579,-0.0016906607808664376,-0.0016755258110379145,-0.001675525822633972,-0.0016755258192802103,-0.0014588339030296993,-0.001458833901494927,-0.001458833902574952,-0.0009502956797291517,-0.0009502956795586215,-0.0009502956797859952,-0.001554593160449258,-0.0015545931562996884,-0.0015545931564133753,,-0.0013409212702413242,-0.0013409212697297335
168,1265,-1.004,Pyridine Dimer S2 Configuration,7,,-0.0012711847033983759,-0.0012711847243735974,-0.001269728542467874,-0.0012697285425247173,-0.0012697285353056031,-0.0011439205072747427,-0.001143920506081031,-0.001143920506365248,-0.000763792595932955,-0.0007637925962171721,-0.0007637925963308589,-0.0011812205997330238,-0.0011812205984824686,-0.0011812206008698922,,-0.0010075669906655094,-0.0010075669909497265
169,1266,-0.62,Pyridine Dimer S2 Configuration,7,-0.000803584245716138,-0.0008035842632807544,-0.0008035842434992446,-0.0008119947686964224,-0.0008119947664226856,-0.000811994766195312,-0.0007599805052223019,-0.0007599805043696506,-0.0007599805053928321,-0.0005167342411027676,-0.0005167342418985754,-0.000516734241841732,-0.0007563891850850268,-0.0007563891866197991,-0.0007563891841186887,-0.0006406586194316333,-0.0006406586193747899,-0.0006406586193747899
170,1267,-0.403,Pyridine Dimer S2 Configuration,7,-0.0005356397842319893,-0.0005356397835498683,-0.000535639795998577,-0.0005421840453436744,-0.0005421840459121086,-0.0005421840504595821,-0.0005225138855848854,-0.0005225138857554157,-0.0005225138854143552,-0.00035845228597963796,-0.0003584522854680472,-0.0003584522864343853,-0.0005077527001162707,-0.0005077526986383418,-0.000507752699888897,-0.0004321385472394468,-0.00043213854769419413,-0.0004321385482626283
171,1268,-0.277,Pyridine Dimer S2 Configuration,7,-0.0003753782947910622,-0.0003753782955868701,-0.00037537828711720067,-0.0003816628818640311,-0.0003816628870367822,-0.00038166288425145467,-0.0003764225200484361,-0.00037642251857050724,-0.00037642251862735066,-0.0002609174588883434,-0.00026091745814937894,-0.00026091745843359604,-0.0003599095370532268,-0.0003599095372806005,-0.0003599095361437321,-0.0003084100132468848,-0.00030841001432690973,-0.0003084100139290058
172,1269,-0.2,Pyridine Dimer S2 Configuration,7,-0.00027719177052176747,-0.00027719177887775004,-0.0002771917928612311,-0.00028230971611264977,-0.0002823097210580272,-0.0002823097141231301,-0.00028325308653620596,-0.00028325308676357963,-0.0002832530867067362,-0.0001990294286997596,-0.00019902942835869908,-0.0001990294284155425,-0.0002686265933107279,-0.0002686265922875464,-0.0002686265905822438,-0.00023121861437402913,-0.0002312186136919081,-0.00023121861499930674
173,1270,9.342,Pyridine Dimer T3 Configuration,8,,0.01963307368043843,0.01963307366514755,0.02197714683831009,0.021977146816254844,0.021977146826202443,0.024695692808393233,0.024695692809075354,0.024695692808904823,0.02543694513974515,0.0254369451392904,0.025436945139404088,0.020765581715238568,0.02076558171609122,0.020765581716489123,,0.020966207137519177,0.020966207136325465
174,1271,2.792,Pyridine Dimer T3 Configuration,8,0.008002476665183167,0.008002476608396591,0.008002476646879586,0.00955679671847065,0.009556796702213433,0.009556796723586558,0.011808495313630374,0.011808495310617673,0.011808495315506207,0.012468995318329235,0.012468995318670295,0.012468995319068199,0.00897139569178762,0.008971395692071837,0.008971395693492923,,0.009145997282985263,0.009145997282871576
175,1272,2.006,Pyridine Dimer T3 Configuration,8,,0.006576182485844129,0.006576182472372238,0.00801624670560841,0.008016246708621111,0.008016246709644292,0.010186373761769119,0.010186373761939649,0.010186373764099699,0.010834853942981226,0.01083485394337913,0.010834853943094913,0.00751781243275218,0.007517812431387938,0.007517812429910009,,0.007687738885010731,0.0076877388849538875
176,1273,0.689,Pyridine Dimer T3 Configuration,8,,0.004151644280852906,0.004151644307626157,0.005384959123205135,0.0053849591072321346,0.0053849591184871315,0.00739609012521214,0.007396090125951105,0.0073960901253826705,0.00802200758107574,0.008022007581132584,0.008022007581416801,0.005036682240529444,0.00503668224195053,0.005036682240074697,,0.005200625951488291,0.005200625951601978
177,1274,-0.629,Pyridine Dimer T3 Configuration,8,,0.0016682064160704613,0.0016682064419342169,0.0026639142602675747,0.0026639142699877993,0.002663914270215173,0.00447313653285164,0.004473136532226363,0.004473136533476918,0.0050725861717069165,0.0050725861706268915,0.00507258617159323,0.0024783934746892555,0.00247839347093759,0.002478393474916629,,0.0026354326743671663,0.002635432673628202
178,1275,-1.355,Pyridine Dimer T3 Configuration,8,,0.00025791931415142244,0.00025791933285290725,,0.0011043277649491756,0.0011043277748399305,0.002770980107129617,0.002770980108607546,0.0027709801061064354,0.0033516677659690686,0.003351667766423816,0.0033516677665375028,0.00101635660246302,0.0010163566055325646,0.0010163566046230699,,0.0011679436116196484,0.0011679436118470221
179,1276,-2.18,Pyridine Dimer T3 Configuration,8,-0.0014254632239953935,-0.0014254631856260858,-0.0014254632022812075,-0.0007841663600629545,-0.0007841663644967412,-0.0007841663478416194,0.0006672674761034614,0.0006672674759329311,0.0006672674750234364,0.0012188099137802055,0.0012188099144054831,0.0012188099142917963,-0.0007524294359768646,-0.0007524294334189108,-0.0007524294344420923,,-0.0006081458711264531,-0.0006081458716948873
180,1277,-2.65,Pyridine Dimer T3 Configuration,8,,-0.002485233657466779,-0.0024852336524077145,-0.002000298500831832,-0.0020002985075393553,-0.00200029850611827,-0.0007384794431573027,-0.0007384794429867725,-0.000738479441565687,-0.00021378005027372637,-0.00021378004908001458,-0.00021378004919370142,-0.0018931968886022332,-0.0018931968916149344,-0.001893196893718141,,-0.001754767616148456,-0.0017547676162052994
181,1278,-2.875,Pyridine Dimer T3 Configuration,8,,-0.0031071431918689996,-0.003107143152988101,-0.002738817425324669,-0.002738817404974725,-0.002738817411341188,-0.001641146250847214,-0.0016411462511882746,-0.0016411462519840825,-0.0011408711424678586,-0.0011408711420699547,-0.001140871142126798,-0.0025862592915473215,-0.0025862592892735847,-0.002586259288932524,,-0.002453139951569483,-0.0024531399516263264
182,1279,-2.934,Pyridine Dimer T3 Configuration,8,,-0.003420464615885521,-0.0034204645901354525,-0.003142386249521678,-0.003142386246111073,-0.003142386252079632,-0.0021872057216114626,-0.002187205723714669,-0.0021872057222367403,-0.001709834697749102,-0.0017098346981470058,-0.0017098346983743795,-0.0029685353954391758,-0.0029685353931085956,-0.00296853539367703,,-0.00283980113619009,-0.002839801137042741
183,1280,-2.885,Pyridine Dimer T3 Configuration,8,-0.0035267596730932382,-0.003526759665760437,-0.0035267596922494704,-0.0033160198328801016,-0.0033160198331643187,-0.0033160198286736886,-0.0024840343375558405,-0.0024840343371579365,-0.002484034338863239,-0.0020279410575767542,-0.0020279410565535727,-0.00202794105700832,-0.0031374236138503875,-0.0031374236134524836,-0.0031374236142482914,,-0.0030143152281993935,-0.0030143152272898988
184,1281,-2.768,Pyridine Dimer T3 Configuration,8,,-0.0034962629109145382,-0.0034962629198957984,-0.0033371635579442227,-0.0033371635474850336,-0.0033371635519188203,-0.0026105422587079374,-0.0026105422560362967,-0.0026105422567184178,-0.002175134916285515,-0.0021751349163992018,-0.0021751349158307676,-0.0031602612475012393,-0.0031602612460233104,-0.0031602612452275025,,-0.003042353122964414,-0.0030423531212591115
185,1282,-2.612,Pyridine Dimer T3 Configuration,8,,-0.0033788923450970287,-0.003378892326679761,-0.003258928715467846,-0.003258928711943554,-0.003258928704781283,-0.002624008232714914,-0.002624008229872743,-0.002624008231521202,-0.0022091554844223538,-0.002209155483512859,-0.0022091554839676064,-0.0030903525084227113,-0.0030903525069447824,-0.0030903525057510706,,-0.002976802931414113,-0.0029768029318688605
186,1283,-2.436,Pyridine Dimer T3 Configuration,8,-0.0032094774165898343,-0.003209477423354201,-0.0032094774281290483,-0.0031194737609325784,-0.003119473762922098,-0.003119473760591518,-0.002564701788628554,-0.0025647017859569132,-0.002564701786866408,-0.0021696029151030416,-0.002169602915273572,-0.002169602915159885,-0.002962351648079675,-0.0029623516479659884,-0.0029623516483638923,,-0.0028537521160956203,-0.0028537521166640545
187,1284,-2.254,Pyridine Dimer T3 Configuration,8,,-0.0030138334160483282,-0.0030138333858076294,-0.0029462567297287023,-0.002946256727227592,-0.0029462567392783967,-0.0024607726169278976,-0.0024607726170415845,-0.0024607726148815345,-0.002085435397418678,-0.0020854353978734252,-0.0020854353978734252,-0.002800257685748875,-0.0028002576870562734,-0.0028002576859762485,,-0.0026950305474429115,-0.002695030547897659
188,1285,-2.073,Pyridine Dimer T3 Configuration,8,,-0.002805666756842129,-0.0028056667932787605,-0.002755964467667127,-0.0027559644557868523,-0.0027559644604480127,-0.002331544361993565,-0.002331544361709348,-0.0023315443622209386,-0.0019753576867742595,-0.0019753576870584766,-0.0019753576866605727,-0.0026213940187176377,-0.0026213940187176377,-0.002621394019740819,,-0.0025209190174564355,-0.0025209190177406526
189,1286,-1.737,Pyridine Dimer T3 Configuration,8,,-0.002395056798434325,-0.00239505679502372,,-0.0023678732179064355,-0.0023678732098915134,-0.002044788687953769,-0.0020447886890906375,-0.002044788686191623,-0.001725730328814734,-0.0017257303283031433,-0.0017257303283031433,,-0.0022569417610043274,-0.002256941759185338,,-0.0021663735329298106,-0.002166373531338195
190,1287,-1.322,Pyridine Dimer T3 Configuration,8,,-0.0018598011322978891,-0.0018598011189965291,-0.0018478890167443751,-0.0018478890017377125,-0.0018478890042956664,-0.001634014027899866,-0.0016340140267629977,-0.001634014026819841,-0.0013651502541733862,-0.0013651502543439165,-0.0013651502543439165,-0.0017696226079237931,-0.0017696226068437682,-0.0017696226063321774,,-0.0016905040590131648,-0.001690504059581599
191,1288,-0.853,Pyridine Dimer T3 Configuration,8,,-0.001229903310672853,-0.001229903313401337,-0.0012224522253063697,-0.00122245222780748,-0.001222452228887505,-0.001114217032977649,-0.0011142170350240121,-0.0011142170338303004,-0.0009127828247983416,-0.0009127828251962455,-0.0009127828246846548,-0.001182869276533438,-0.0011828692814788155,-0.0011828692778976801,,-0.0011216410035785884,-0.0011216410038628055
192,1289,-0.574,Pyridine Dimer T3 Configuration,8,,-0.0008435878003183461,-0.0008435877979309225,,-0.0008366449079062477,-0.0008366449184222802,-0.0007799499887823913,-0.0007799499882139571,-0.0007799499882708005,-0.0006315245474297626,-0.0006315245477708231,-0.0006315245472592323,,-0.0008184802341588693,-0.000818480232624097,,-0.000770766902462583,-0.000770766901382558
193,1290,-0.297,Pyridine Dimer T3 Configuration,8,-0.0004480293969777449,-0.00044802940550425774,-0.00044802939106602935,-0.00044411511089492706,-0.00044411510998543235,-0.0004441151065179838,-0.0004261851555611429,-0.00042618515669801127,-0.0004261851555042995,-0.00034266775696778495,-0.00034266775691094153,-0.000342667756569881,-0.00044073829621993355,-0.0004407382979252361,-0.00044073829593571645,-0.0004110861819413003,-0.00041108618211183057,-0.00041108618233920424
194,1291,-0.175,Pyridine Dimer T3 Configuration,8,-0.0002689819397687643,-0.0002689819477268429,-0.00026898195812918857,-0.0002672874610425424,-0.0002672874580298412,-0.0002672874612699161,-0.0002609527850836457,-0.0002609527844015247,-0.0002609527844583681,-0.0002094258917395564,-0.00020942589230799058,-0.00020942589185324323,-0.0002671606893045464,-0.0002671606883382083,-0.0002671606908961621,-0.00024864804885282865,-0.00024864804828439446,-0.0002486480487391418
